Date,Line,Station,Reason,Service Suspended,Notes,Length,
11/1/2023,Brown,Merchandise Mart,Other,,,,
11/1/2023,Green,Clinton,Other,,,,
11/1/2023,Orange,Ashland-Orange,Door Problem,,,,
11/1/2023,Pink,Clinton,Other,,,,
11/1/2023,Purple,Merchandise Mart,Other,,,,
11/1/2023,Purple,Howard,Signal,,,,
11/1/2023,Red,63rd,Mechanical,,,,
11/1/2023,Red,Garfield-Red,Police Activity,,,,
11/1/2023,Red,Cermak/Chinatown,Signal,,,,
11/2/2023,Blue,Forest Park,Track Switching,,,,
11/2/2023,Brown,Armitage,Mechanical,,,,
11/2/2023,Brown,Paulina,Sick Customer,,,,
11/2/2023,Green,Central,Door Problem,,,,
11/2/2023,Green,Ashland/63rd,Signal,,,,
11/2/2023,Purple,Armitage,Mechanical,,,,
11/2/2023,Red,Fullerton,Mechanical,,,,
11/2/2023,Red,Garfield-Red,Police Activity,,,,
11/2/2023,Red,Loyola,Police Activity,,,,
11/2/2023,Red,Sox-35th,Sick Customer,,,,
11/2/2023,Yellow,Oakton-Skokie,Other,,,,
11/2/2023,Yellow,Howard,Other,,,,
11/3/2023,Blue,Logan Square,Mechanical,,,,
11/3/2023,Green,Cottage Grove,Police Activity,,,,
11/3/2023,Pink,54th/Cermak,Police Activity,,,,
11/3/2023,Red,Garfield-Red,Not Specified,,,,
11/3/2023,Red,Clark/Division,Sick Customer,,,,
11/3/2023,Red,47th-Red,Unauthorized Person,,,,
11/4/2023,Blue,Oak Park- Blue,Sick Customer,,,,
11/4/2023,Blue,O'Hare,Unauthorized Person,,,,
11/4/2023,Blue,Pulaski-Blue,Unauthorized Person,,,,
11/4/2023,Brown,Merchandise Mart,Other,,,,
11/4/2023,Green,Clinton,Other,,,,
11/4/2023,Pink,Clinton,Other,,,,
11/4/2023,Purple,Merchandise Mart,Other,,,,
11/4/2023,Red,Clark/Division,Police Activity,,,,
11/4/2023,Red,Jackson-Red,Police Activity,,,,
11/5/2023,Blue,Clark/Lake,Other,Yes,,,
11/5/2023,Blue,Austin-Blue,Sick Customer,,,,
11/5/2023,Green,Roosevelt,Police Activity,,,,
11/5/2023,Orange,Roosevelt,Police Activity,,,,
11/5/2023,Red,Monroe-Red,Mechanical,,,,
11/5/2023,Red,Sox-35th,Police Activity,,,,
11/6/2023,Brown,Sedgwick,Mechanical,,,,
11/6/2023,Brown,Fullerton,Police Activity,,,,
11/6/2023,Purple,Sedgwick,Mechanical,,,,
11/6/2023,Purple,Sedgwick,Sick Customer,,,,
11/6/2023,Red,Fullerton,Police Activity,,,,
11/6/2023,Red,North/Clyborn,Police Activity,,,,
11/6/2023,Red,Grand/State,Sick Customer,,,,
11/7/2023,Orange,Roosevelt,Police Activity,,,,
11/8/2023,Blue,Harlem-OH,Other,Yes,,,
11/8/2023,Green,Roosevelt,Sick Customer,,,,
11/8/2023,Orange,Roosevelt,Sick Customer,,,,
11/8/2023,Red,Sheridan,Police Activity,,,,
11/9/2023,Blue,UIC/Halsted,Police Activity,,,,
11/9/2023,Green,Ashland/Lake,Other,,,,
11/9/2023,Pink,Ashland/Lake,Other,,,,
11/9/2023,Red,Morse,Police Activity,,,,
11/10/2023,Blue,LaSalle,Unauthorized Person,,,,
11/10/2023,Pink,Western-Pink,Not Specified,,,,
11/10/2023,Red,Sox-35th,Unauthorized Person,,,,
11/11/2023,Brown,Merchandise Mart,Other,,,,
11/11/2023,Brown,Harold Washington Library-State/Van Buren,Track Fire,,,,
11/11/2023,Green,35th-Bronzeville-IIT,Mechanical,,,,
11/11/2023,Green,Clinton,Other,,,,
11/11/2023,Green,Ashland/Lake,Police Activity,,,,
11/11/2023,Orange,Halsted,Mechanical,,,,
11/11/2023,Orange,Harold Washington Library-State/Van Buren,Track Fire,,,,
11/11/2023,Pink,Clinton,Other,,,,
11/11/2023,Pink,Ashland/Lake,Police Activity,,,,
11/11/2023,Pink,Harold Washington Library-State/Van Buren,Track Fire,,,,
11/11/2023,Red,Clark/Division,Police Activity,,,,
11/12/2023,Blue,Logan Square,Door Problem,,,,
11/12/2023,Blue,Forest Park,Not Specified,,,,
11/12/2023,Blue,Racine,Unauthorized Person,,,,
11/12/2023,Red,95th,Mechanical,,,,
11/12/2023,Red,63rd,Sick Customer,,,,
11/13/2023,Blue,Clark/Lake,Police Activity,,,,
11/13/2023,Green,Ashland/Lake,Track Switching,,,,
11/13/2023,Pink,Ashland/Lake,Track Switching,,,,
11/14/2023,Blue,Harlem-OH,Door Problem,,,,
11/14/2023,Blue,Damen-Blue,Not Specified,,,,
11/14/2023,Blue,Oak Park- Blue,Sick Customer,,,,
11/14/2023,Brown,Irving Park-Brown,Track Fire,,,,
11/14/2023,Green,Roosevelt,Track Fire,,,,
11/14/2023,Orange,Western-Orange,Signal,,,,
11/14/2023,Orange,Roosevelt,Track Fire,,,,
11/14/2023,Pink,Cicero-Pink,Mechanical,,,,
11/14/2023,Red,Roosevelt,Mechanical,,,,
11/14/2023,Red,Cermak/Chinatown,Sick Customer,,,,
11/15/2023,Blue,O'Hare,Unauthorized Person,,,,
11/15/2023,Brown,Fullerton,Door Problem,,,,
11/15/2023,Purple,Fullerton,Door Problem,,,,
11/16/2023,Blue,Pulaski-Blue,Unauthorized Person,,,,
11/16/2023,Purple,Howard,Not Specified,,,,
11/16/2023,Red,Howard,Other,Yes,,,
11/16/2023,Red,Loyola,Police Activity,,,,
11/16/2023,Yellow,Howard,Other,Yes,,,
11/17/2023,Blue,Kedzie-Homan,Door Problem,,,,
11/17/2023,Blue,Jackson-Blue,Sick Customer,,,,
11/17/2023,Blue,Illinois Medical District,Unauthorized Person,,,,
11/17/2023,Red,63rd,Police Activity,,,,
11/18/2023,Blue,Austin-Blue,Door Problem,,,,
11/18/2023,Brown,Kimball,Signal,,,,
11/18/2023,Orange,Midway,Mechanical,,,,
11/18/2023,Red,Morse,Sick Customer,,,,
11/19/2023,Blue,LaSalle,Police Activity,,,,
11/19/2023,Green,Ashland/63rd,Signal,,,,
11/19/2023,Green,Ashland/Lake,Track Fire,,,,
11/19/2023,Pink,Ashland/Lake,Track Fire,,,,
11/19/2023,Red,Sox-35th,Sick Customer,,,,
11/19/2023,Red,Chicago/State,Unauthorized Person,Yes,,,
11/20/2023,Blue,UIC/Halsted,Sick Customer,,,,
11/20/2023,Brown,Sedgwick,Other,,,,
11/20/2023,Red,69th,Door Problem,,,,
11/20/2023,Red,79th,Door Problem,,,,
11/20/2023,Red,87th,Door Problem,,,,
11/20/2023,Red,Clark/Division,Police Activity,,,,
11/20/2023,Red,Thorndale,Sick Customer,,,,
11/21/2023,Blue,Illinois Medical District,Mechanical,,,,
11/21/2023,Blue,Harlem-OH,Sick Customer,,,,
11/21/2023,Brown,Kimball,Not Specified,,,,
11/21/2023,Brown,Adams/Wabash,Sick Customer,,,,
11/21/2023,Green,Roosevelt,Mechanical,,,,
11/21/2023,Orange,Midway,Door Problem,,,,
11/21/2023,Orange,Roosevelt,Mechanical,,,,
11/21/2023,Red,Belmont-Red/Brown/Purple,Police Activity,,,,
11/22/2023,Blue,Harlem-FP,Door Problem,,,,
11/22/2023,Blue,Austin-Blue,Sick Customer,,,,
11/22/2023,Blue,Pulaski-Blue,Sick Customer,,,,
11/22/2023,Brown,Kimball,Mechanical,,,,
11/22/2023,Brown,Adams/Wabash,Not Specified,,,,
11/22/2023,Green,Adams/Wabash,Not Specified,,,,
11/22/2023,Green,Harlem-Green,Not Specified,,,,
11/22/2023,Green,Ashland/Lake,Police Activity,,,,
11/22/2023,Orange,Adams/Wabash,Not Specified,,,,
11/22/2023,Pink,Adams/Wabash,Not Specified,,,,
11/22/2023,Pink,Ashland/Lake,Police Activity,,,,
11/22/2023,Red,Grand/State,Unauthorized Person,,,,
11/23/2023,Blue,Illinois Medical District,Sick Customer,,,,
11/24/2023,Blue,Montrose-Blue,Door Problem,,,,
11/24/2023,Blue,Cumberland,Other,Yes,,,
11/24/2023,Blue,Grand/Milwaulkee,Police Activity,,,,
11/24/2023,Brown,Kimball,Mechanical,,,,
11/25/2023,Blue,Addison-Blue,Sick Customer,,,,
11/25/2023,Green,Morgan,Sick Customer,,,,
11/25/2023,Pink,Morgan,Sick Customer,,,,
11/26/2023,Green,Ashland/Lake,Sick Customer,,,,
11/26/2023,Pink,Ashland/Lake,Sick Customer,,,,
11/26/2023,Red,Thorndale,Police Activity,,,,
11/28/2023,Blue,Oak Park- Blue,Mechanical,,,,
11/28/2023,Blue,Rosemont,Unauthorized Person,Yes,,,
11/28/2023,Brown,Kimball,Mechanical,,,,
11/28/2023,Green,Harlem-Green,Unauthorized Person,,,,
11/28/2023,Pink,Polk,Mechanical,,,,
11/28/2023,Red,63rd,Sick Customer,,,,
11/29/2023,Blue,O'Hare,Door Problem,,,,
11/29/2023,Blue,Kedzie-Homan,Mechanical,,,,
11/29/2023,Blue,California- Blue,Police Activity,,,,
11/29/2023,Red,Harrison,Unauthorized Person,,,,
11/30/2023,Red,79th,Not Specified,,,,
12/1/2023,Blue,Montrose-Blue,Sick Customer,Yes,,,
12/1/2023,Orange,Ashland-Orange,Police Activity,,,,
12/1/2023,Purple,Howard,Unauthorized Person,,,,
12/1/2023,Red,Sheridan,Not Specified,,,,
12/1/2023,Red,Cermak/Chinatown,Police Activity,,,,
12/1/2023,Red,Howard,Unauthorized Person,,,,
12/2/2023,Blue,Cumberland,Sick Customer,,,,
12/2/2023,Blue,O'Hare,Sick Customer,,,,
12/2/2023,Blue,Jackson-Blue,Unauthorized Person,,,,
12/2/2023,Green,Ridgeland,Sick Customer,,,,
12/2/2023,Orange,Western-Orange,Police Activity,,,,
12/2/2023,Red,47th-Red,Police Activity,,,,
12/3/2023,Green,Conservatory,Police Activity,,,,
12/3/2023,Green,Ashland/63rd,Signal,,,,
12/3/2023,Red,Belmont-Red/Brown/Purple,Not Specified,,,,
12/4/2023,Blue,Western-FP,Sick Customer,,,,
12/4/2023,Red,Lake,Police Activity,,,,
12/4/2023,Red,69th,Sick Customer,,,,
12/5/2023,Brown,Kedzie-Brown,Door Problem,,,,
12/5/2023,Brown,Francisco,Mechanical,,,,
12/5/2023,Red,Loyola,Police Activity,,,,
12/5/2023,Red,Wilson,Police Activity,,,,
12/5/2023,Red,Wilson,Sick Customer,,,,
12/6/2023,Blue,Jefferson Park,Door Problem,,,,
12/6/2023,Blue,Jefferson Park,Police Activity,,,,
12/6/2023,Blue,Cicero-Blue,Unauthorized Person,,,,
12/6/2023,Brown,Fullerton,Door Problem,,,,
12/6/2023,Brown,Western-Brown,Sick Customer,,,,
12/6/2023,Purple,Fullerton,Door Problem,,,,
12/6/2023,Red,Jackson-Red,Police Activity,,,,
12/7/2023,Blue,Irving Park-Blue,Not Specified,,,,
12/7/2023,Blue,Rosemont,Other,,,,
12/7/2023,Blue,Monroe-Blue,Sick Customer,,,,
12/7/2023,Orange,Midway,Not Specified,,,,
12/7/2023,Pink,Polk,Police Activity,,,,
12/7/2023,Red,Belmont-Red/Brown/Purple,Police Activity,,,,
12/7/2023,Red,Sox-35th,Police Activity,,,,
12/8/2023,Blue,Division,Police Activity,,,,
12/8/2023,Blue,Racine,Sick Customer,,,,
12/8/2023,Brown,Armitage,Mechanical,,,,
12/8/2023,Brown,Fullerton,Mechanical,,,,
12/8/2023,Green,Cermak-McCormick,Sick Customer,,,,
12/8/2023,Green,Clark/Lake,Sick Customer,,,,
12/8/2023,Orange,Western-Orange,Unauthorized Person,,,,
12/8/2023,Purple,Armitage,Mechanical,,,,
12/8/2023,Red,North/Clyborn,Police Activity,,,,
12/9/2023,Brown,Southport,Mechanical,Yes,,,
12/9/2023,Green,King Drive,Sick Customer,,,,
12/9/2023,Pink,Clark/Lake,Other,,,,
12/9/2023,Red,Cermak/Chinatown,Police Activity,,,,
12/10/2023,Blue,Western-FP,Door Problem,,,,
12/10/2023,Red,Howard,Mechanical,,,,
12/10/2023,Red,Jarvis,Mechanical,,,,
12/11/2023,Blue,Kedzie-Homan,Police Activity,,,,
12/11/2023,Brown,Kimball,Not Specified,,,,
12/11/2023,Green,Ashland/63rd,Police Activity,,,,
12/12/2023,Blue,Addison-Blue,Mechanical,,,,
12/12/2023,Red,Bryn Mawr,Sick Customer,,,,
12/13/2023,Blue,UIC/Halsted,Other,,,,
12/13/2023,Blue,Cumberland,Police Activity,,,,
12/13/2023,Blue,Western-Blue,Police Activity,,,,
12/13/2023,Blue,Cumberland,Sick Customer,,,,
12/13/2023,Blue,Grand/Milwaulkee,Sick Customer,,,,
12/13/2023,Blue,Clark/Lake,Unauthorized Person,,,,
12/13/2023,Green,51st,Police Activity,,,,
12/13/2023,Green,Ashland/63rd,Police Activity,,,,
12/13/2023,Green,Ashland/Lake,Signal,,,,
12/13/2023,Pink,Ashland/Lake,Signal,,,,
12/13/2023,Purple,Davis,Police Activity,,,,
12/14/2023,Brown,Fullerton,Sick Customer,,,,
12/14/2023,Green,Conservatory,Sick Customer,,,,
12/14/2023,Orange,Pulaski-Orange,Mechanical,,,,
12/14/2023,Pink,Polk,Police Activity,,,,
12/14/2023,Red,Fullerton,Mechanical,,,,
12/14/2023,Red,Morse,Police Activity,,,,
12/15/2023,Blue,Grand/Milwaulkee,Sick Customer,,,,
12/15/2023,Green,Clark/Lake,Door Problem,,,,
12/15/2023,Orange,Clark/Lake,Door Problem,,,,
12/15/2023,Orange,Washington/Wells,Door Problem,,,,
12/15/2023,Orange,Midway,Signal,,,,
12/15/2023,Pink,Clark/Lake,Door Problem,,,,
12/15/2023,Red,47th-Red,Police Activity,,,,
12/16/2023,Blue,Jefferson Park,Sick Customer,,,,
12/16/2023,Green,Clinton,Police Activity,,,,
12/16/2023,Green,Cermak-McCormick,Signal,,,,
12/16/2023,Orange,Kedzie-Orange,Door Problem,,,,
12/16/2023,Orange,Pulaski-Orange,Police Activity,,,,
12/16/2023,Orange,Halsted,Signal,,,,
12/16/2023,Pink,Clark/Lake,Other,,,,
12/16/2023,Pink,Clinton,Police Activity,,,,
12/16/2023,Red,Roosevelt,Police Activity,,,,
12/16/2023,Red,Loyola,Unauthorized Person,,,,
12/17/2023,Green,35th-Bronzeville-IIT,Police Activity,,,,
12/17/2023,Red,63rd,Unauthorized Person,,,,
12/18/2023,Blue,Irving Park-Blue,Police Activity,,,,
12/18/2023,Blue,Montrose-Blue,Police Activity,,,,
12/18/2023,Blue,Oak Park- Blue,Unauthorized Person,,,,
12/18/2023,Brown,Sedgwick,Sick Customer,,,,
12/18/2023,Red,Granville,Track Fire,,,,
12/19/2023,Red,Cermak/Chinatown,Police Activity,,"""Incident""",,
12/19/2023,Orange,Western-Orange,Signal,,,,
12/19/2023,Purple,Noyes,Sick Customer,,,,
12/20/2023,Blue,Western-FP,Police Activity,,Animal on tracks,,
12/20/2023,Brown,Kimball,Not Specified,,Animal on tracks (deer),,
12/20/2023,Brown,Kimball,Police Activity,,Debris,,
12/20/2023,Purple,Dempster-Purple,Sick Customer,,Debris ,,
12/21/2023,Brown,Kimball,Track Switching,,Derailment/Cracked Rail,,
12/21/2023,Green,Adams/Wabash,Not Specified,,Fire Department,,
12/21/2023,Green,Ridgeland,Police Activity,,Fire Department,,
12/21/2023,Red,95th,Mechanical,,Fire Department,,
12/21/2023,Red,Clark/Division,Not Specified,,Fire Department,,
12/21/2023,Red,Sox-35th,Police Activity,,Loss of Power,,
12/22/2023,Blue,Kedzie-Homan,Mechanical,,Loss of Power,,
12/22/2023,Green,Laramie,Sick Customer,,Loss of Power,,
12/22/2023,Orange,Midway,Sick Customer,,Loss of Power,,
12/22/2023,Red,Sheridan,Police Activity,,Loss of Power,,
12/23/2023,Red,Sox-35th,Unauthorized Person,,Loss of Power,,
12/24/2023,Green,Adams/Wabash,Police Activity,,Loss of Power,,
12/24/2023,Orange,Halsted,Door Problem,,Obstruction,,
12/24/2023,Red,Garfield-Red,Police Activity,,Raised Bridge,,
12/25/2023,Blue,Pulaski-Blue,Police Activity,,Raised Bridge,,
12/25/2023,Brown,Fullerton,Sick Customer,,Raised Bridge,,
12/26/2023,Blue,Kedzie-Homan,Sick Customer,,Raised Bridge,,
12/26/2023,Red,79th,Police Activity,,Raised Bridge,,
12/26/2023,Red,Fullerton,Sick Customer,,Raised Bridge,,
12/27/2023,Blue,Oak Park- Blue,Police Activity,,Raised Bridge,,
12/27/2023,Orange,Western-Orange,Mechanical,,Raised Bridge,,
12/27/2023,Purple,Sheridan,Mechanical,,Raised Bridge,,
12/27/2023,Red,Sheridan,Mechanical,,Raised Bridge,,
12/27/2023,Red,Belmont-Red/Brown/Purple,Sick Customer,,Raised Bridge,,
12/27/2023,Red,Clark/Division,Unauthorized Person,,Sick Employee,,
12/27/2023,Red,Loyola,Unauthorized Person,,Smoke,,
12/28/2023,Blue,UIC/Halsted,Mechanical,,Stalled Train,,
12/28/2023,Blue,Forest Park,Not Specified,,Track Work,,
12/28/2023,Blue,O'Hare,Not Specified,,Track Work,,
12/28/2023,Blue,Rosemont,Track Switching,,Yard,,
12/28/2023,Purple,Howard,Not Specified,,Yard,,
12/28/2023,Red,Wilson,Police Activity,,Yard,,
12/29/2023,Blue,UIC/Halsted,Sick Customer,,Yard,,
12/29/2023,Blue,O'Hare,Unauthorized Person,,Yard,,
12/29/2023,Brown,Kimball,Signal,,Yard,,
12/29/2023,Green,Roosevelt,Door Problem,,,,
12/29/2023,Green,Roosevelt,Mechanical,,,,
12/29/2023,Green,Roosevelt,Sick Customer,,,,
12/29/2023,Orange,35th/Archer,Door Problem,,,,
12/29/2023,Orange,Roosevelt,Door Problem,,,,
12/29/2023,Orange,Roosevelt,Mechanical,,,,
12/29/2023,Orange,Roosevelt,Sick Customer,,,,
12/29/2023,Purple,Main,Sick Customer,,,,
12/29/2023,Red,79th,Police Activity,,,,
12/30/2023,Blue,O'Hare,Not Specified,,,,
12/30/2023,Blue,Cicero-Blue,Sick Customer,,,,
12/30/2023,Blue,Clark/Lake,Sick Customer,,,,
12/30/2023,Blue,Kedzie-Homan,Sick Customer,,,,
12/30/2023,Blue,Western-OH,Sick Customer,,,,
12/30/2023,Blue,Rosemont,Signal,,,,
12/30/2023,Red,Lake,Police Activity,,,,
12/30/2023,Red,Grand/State,Unauthorized Person,,,,
12/31/2023,Blue,Pulaski-Blue,Mechanical,,,,
12/31/2023,Blue,Clark/Lake,Not Specified,,,,
12/31/2023,Blue,California- Blue,Sick Customer,,,,
12/31/2023,Brown,Clark/Lake,Signal,,,,
12/31/2023,Green,Clark/Lake,Signal,,,,
12/31/2023,Orange,Clark/Lake,Signal,,,,
12/31/2023,Pink,Clark/Lake,Signal,,,,
12/31/2023,Purple,Linden,Mechanical,,,,
12/31/2023,Red,Fullerton,Police Activity,,,,
12/31/2023,Red,Lake,Police Activity,,,,
1/1/2024,Blue,Damen-Blue,Police Activity,,,,
1/1/2024,Blue,O'Hare,Unauthorized Person,,,,
1/1/2024,Green,Central,Sick Customer,,,,
1/1/2024,Pink,54th/Cermak,Not Specified,,,,
1/1/2024,Red,95th,Other,,,,
1/1/2024,Red,Clark/Division,Police Activity,,,,
1/1/2024,Red,Roosevelt,Police Activity,,,,
1/2/2024,Blue,UIC/Halsted,Sick Customer,,,,
1/3/2024,Blue,UIC/Halsted,Not Specified,,,,
1/3/2024,Blue,Irving Park-Blue,Police Activity,,,,
1/3/2024,Blue,LaSalle,Police Activity,,,,
1/3/2024,Blue,Rosemont,Sick Customer,,,,
1/3/2024,Brown,Chicago/Franklin,Sick Customer,,,,
1/3/2024,Green,Cottage Grove,Sick Customer,,,,
1/3/2024,Green,Pulaski-Green,Sick Customer,,,,
1/4/2024,Blue,Clark/Lake,Police Activity,,,,
1/4/2024,Blue,O'Hare,Unauthorized Person,,,,
1/4/2024,Green,Cottage Grove,Mechanical,,,,
1/4/2024,Green,Central,Police Activity,,,,
1/4/2024,Purple,Central,Other,,,,
1/4/2024,Red,Morse,Mechanical,,,,
1/4/2024,Red,Roosevelt,Sick Customer,,,,
1/5/2024,Blue,O'Hare,Sick Customer,,,,
1/5/2024,Brown,Washington/Wells,Door Problem,,,,
1/5/2024,Orange,Washington/Wells,Door Problem,,,,
1/5/2024,Pink,Washington/Wells,Door Problem,,,,
1/5/2024,Red,Fullerton,Police Activity,,,,
1/6/2024,Green,Ashland/Lake,Police Activity,,,,
1/6/2024,Green,Washington/Wabash,Police Activity,,,,
1/6/2024,Orange,Washington/Wabash,Police Activity,,,,
1/6/2024,Pink,Ashland/Lake,Police Activity,,,,
1/6/2024,Red,95th,Other,,,,
1/7/2024,Blue,Addison-Blue,Sick Customer,,,,
1/7/2024,Brown,Kimball,Other,,,,
1/7/2024,Green,Roosevelt,Track Fire,,,,
1/7/2024,Orange,Kedzie-Orange,Mechanical,,,,
1/7/2024,Orange,Roosevelt,Track Fire,,,,
1/7/2024,Red,North/Clyborn,Mechanical,,,,
1/8/2024,Blue,Rosemont,Signal,,,,
1/8/2024,Green,Ashland/Lake,Door Problem,,,,
1/8/2024,Green,Roosevelt,Police Activity,,,,
1/8/2024,Orange,Roosevelt,Police Activity,,,,
1/8/2024,Pink,Ashland/Lake,Signal,,,,
1/8/2024,Red,Wilson,Mechanical,,,,
1/8/2024,Red,95th,Other,,,,
1/8/2024,Red,Jackson-Red,Police Activity,,,,
1/8/2024,Red,Roosevelt,Unauthorized Person,,,,
1/9/2024,Blue,Western-OH,Police Activity,,,,
1/9/2024,Blue,UIC/Halsted,Sick Customer,,,,
1/9/2024,Brown,Damen-Brown,Sick Customer,,,,
1/9/2024,Brown,Clark/Lake,Signal,,,,
1/9/2024,Brown,Clark/Lake,Signal,,,,
1/9/2024,Green,Roosevelt,Mechanical,,,,
1/9/2024,Green,Clark/Lake,Signal,,,,
1/9/2024,Green,Clark/Lake,Signal,,,,
1/9/2024,Orange,Roosevelt,Other,,,,
1/9/2024,Orange,Clark/Lake,Signal,,,,
1/9/2024,Orange,Clark/Lake,Signal,,,,
1/9/2024,Pink,Clark/Lake,Signal,,,,
1/9/2024,Pink,Clark/Lake,Signal,,,,
1/9/2024,Red,Jackson-Red,Mechanical,,,,
1/9/2024,Red,Howard,Other,,,,
1/9/2024,Yellow,Howard,Signal,,,,
1/10/2024,Green,Cicero-Green,Police Activity,,,,
1/10/2024,Red,Wilson,Police Activity,,,,
1/10/2024,Red,Clark/Division,Unauthorized Person,,,,
1/11/2024,Blue,Clark/Lake,Sick Customer,,,,
1/11/2024,Orange,Western-Orange,Police Activity,,,,
1/11/2024,Red,79th,Door Problem,,,,
1/12/2024,Blue,Harlem-FP,Mechanical,,,,
1/12/2024,Green,Oak Park-Green,Mechanical,,,,
1/12/2024,Pink,54th/Cermak,Sick Customer,,,,
1/12/2024,Purple,Fullerton,Mechanical,,,,
1/12/2024,Red,Fullerton,Mechanical,,,,
1/12/2024,Yellow,Howard,Other,,,,
1/13/2024,Blue,Belmont-Blue,Door Problem,,,,
1/13/2024,Blue,Kedzie-Homan,Door Problem,,,,
1/13/2024,Blue,LaSalle,Sick Customer,,,,
1/13/2024,Brown,Addison-Brown,Door Problem,,,,
1/13/2024,Brown,Belmont-Red/Brown/Purple,Door Problem,,,,
1/13/2024,Orange,Kedzie-Orange,Door Problem,,,,
1/13/2024,Red,87th,Police Activity,,,,
1/14/2024,Blue,Western-FP,Door Problem,,,,
1/14/2024,Blue,O'Hare,Not Specified,,,,
1/14/2024,Brown,Kimball,Mechanical,Yes,,,
1/14/2024,Brown,Kimball,Mechanical,Yes,,,
1/14/2024,Brown,Merchandise Mart,Mechanical,Yes,,,
1/14/2024,Brown,Belmont-Red/Brown/Purple,Other,Yes,,,
1/14/2024,Green,King Drive,Sick Customer,Yes,,,
1/14/2024,Orange,Belmont-Red/Brown/Purple,Other,Yes,,,
1/14/2024,Red,Garfield-Red,Mechanical,,,,
1/15/2024,Blue,Pulaski-Blue,Door Problem,,,,
1/15/2024,Blue,Forest Park,Mechanical,,,,
1/15/2024,Blue,Rosemont,Mechanical,,,,
1/15/2024,Orange,35th/Archer,Other,,,,
1/15/2024,Purple,Howard,Not Specified,,,,
1/15/2024,Yellow,Howard,Mechanical,,,,
1/16/2024,Blue,Clark/Lake,Mechanical,,,,
1/16/2024,Blue,Jefferson Park,Mechanical,,,,
1/16/2024,Blue,O'Hare,Not Specified,,,,
1/16/2024,Blue,Pulaski-Blue,Police Activity,,,,
1/16/2024,Orange,Clark/Lake,Door Problem,,,,
1/16/2024,Orange,Kedzie-Orange,Other,,,,
1/16/2024,Pink,Central Park-Pink,Track Switching,,,,
1/16/2024,Purple,Howard,Mechanical,,,,
1/16/2024,Red,Belmont-Red/Brown/Purple,Mechanical,Yes,,,
1/16/2024,Red,Morse,Mechanical,,,,
1/16/2024,Yellow,Howard,Mechanical,,,,
1/16/2024,Yellow,Dempster-Skokie,Signal,Yes,,,
1/17/2024,Blue,Oak Park- Blue,Door Problem,,,,
1/17/2024,Blue,Washington/Dearborn,Police Activity,,,,
1/17/2024,Brown,Western-Brown,Door Problem,,,,
1/17/2024,Red,Sheridan,Door Problem,,,,
1/17/2024,Red,Loyola,Mechanical,,,,
1/17/2024,Red,95th,Other,,,,
1/18/2024,Brown,Kedzie-Brown,Door Problem,,,,
1/18/2024,Brown,Irving Park-Brown,Sick Customer,,,,
1/18/2024,Orange,Midway,Police Activity,,,,
1/19/2024,Blue,Rosemont,Mechanical,,,,
1/19/2024,Green,Ashland/Lake,Signal,Yes,,,
1/19/2024,Pink,Ashland/Lake,Signal,Yes,,,
1/20/2024,Blue,Forest Park,Signal,,,,
1/20/2024,Pink,Cicero-Pink,Police Activity,,,,
1/20/2024,Red,Lake,Track Fire,,,,
1/21/2024,Blue,Austin-Blue,Door Problem,,,,
1/21/2024,Blue,Irving Park-Blue,Mechanical,,,,
1/21/2024,Blue,Logan Square,Mechanical,,,,
1/21/2024,Purple,Howard,Mechanical,,,,
1/21/2024,Red,Sox-35th,Other,,,,
1/22/2024,Blue,Addison-Blue,Sick Customer,,,,
1/22/2024,Blue,Washington/Dearborn,Sick Customer,,,,
1/22/2024,Pink,Kedzie-Pink,Police Activity,,,,
1/22/2024,Purple,Howard,Signal,,,,
1/22/2024,Red,Roosevelt,Mechanical,,,,
1/22/2024,Red,Grand/State,Police Activity,,,,
1/22/2024,Red,Wilson,Sick Customer,,,,
1/23/2024,Blue,Jefferson Park,Track Fire,,,,
1/23/2024,Orange,Western-Orange,Door Problem,,,,
1/24/2024,Blue,Pulaski-Blue,Mechanical,,,,
1/24/2024,Blue,Western-OH,Mechanical,,,,
1/24/2024,Blue,UIC/Halsted,Not Specified,,,,
1/24/2024,Orange,35th/Archer,Door Problem,,,,
1/24/2024,Red,Clark/Division,Mechanical,,,,
1/24/2024,Red,Cermak/Chinatown,Sick Customer,,,,
1/24/2024,Red,Granville,Sick Customer,,,,
1/25/2024,Blue,Jackson-Blue,Signal,,,,
1/25/2024,Brown,Belmont-Red/Brown/Purple,Mechanical,,,,
1/25/2024,Orange,Midway,Not Specified,,,,
1/25/2024,Orange,Halsted,Police Activity,,,,
1/26/2024,Brown,Chicago/Franklin,Door Problem,,,,
1/26/2024,Green,Roosevelt,Mechanical,,,,
1/26/2024,Purple,Chicago/Franklin,Door Problem,,,,
1/26/2024,Purple,Belmont-Red/Brown/Purple,Police Activity,,,,
1/26/2024,Red,Belmont-Red/Brown/Purple,Door Problem,,,,
1/26/2024,Red,Harrison,Mechanical,,,,
1/26/2024,Red,69th,Police Activity,,,,
1/26/2024,Red,79th,Police Activity,,,,
1/26/2024,Red,Belmont-Red/Brown/Purple,Police Activity,,,,
1/26/2024,Red,Granville,Sick Customer,,,,
1/27/2024,Red,Lake,Unauthorized Person,,Injured,,
1/27/2024,Purple,Howard,Not Specified,,,,
1/27/2024,Red,Belmont-Red/Brown/Purple,Police Activity,,,,
1/28/2024,Green,Laramie,Sick Customer,,Injured Customer,,
1/28/2024,Orange,Western-Orange,Police Activity,,Medical Emergency,,
1/28/2024,Red,Fullerton,Police Activity,,Medical Emergency,,
1/29/2024,Blue,Oak Park- Blue,Door Problem,,,,
1/29/2024,Blue,Chicago/Milkwaulkee,Police Activity,,,,
1/29/2024,Blue,California- Blue,Sick Customer,,,,
1/29/2024,Blue,Cumberland,Sick Customer,,,,
1/29/2024,Purple,Howard,Track Switching,,,,
1/29/2024,Red,Howard,Track Switching,,,,
1/29/2024,Yellow,Howard,Track Switching,,,,
1/30/2024,Blue,Division,Sick Customer,,,,
1/30/2024,Red,87th,Door Problem,,,,
1/30/2024,Red,Morse,Sick Customer,,,,
1/31/2024,Blue,Clark/Lake,Unauthorized Person,,,,
1/31/2024,Green,35th-Bronzeville-IIT,Police Activity,,,,
1/31/2024,Green,California-Green,Police Activity,,,,
2/1/2024,Blue,Illinois Medical District,Police Activity,,,,
2/1/2024,Brown,Adams/Wabash,Other,,,,
2/1/2024,Green,Adams/Wabash,Other,,,,
2/1/2024,Orange,Adams/Wabash,Other,,,,
2/1/2024,Pink,Adams/Wabash,Other,,,,
2/1/2024,Purple,Adams/Wabash,Other,,,,
2/1/2024,Red,Loyola,Door Problem,,,,
2/2/2024,Blue,Pulaski-Blue,Door Problem,,,,
2/2/2024,Blue,Rosemont,Mechanical,,,,
2/2/2024,Blue,Cicero-Blue,Not Specified,,,,
2/2/2024,Blue,Western-FP,Police Activity,,,,
2/2/2024,Blue,UIC/Halsted,Sick Customer,,,,
2/2/2024,Orange,Western-Orange,Police Activity,,,,
2/2/2024,Red,79th,Sick Customer,,,,
2/2/2024,Red,Sox-35th,Sick Customer,,,,
2/3/2024,Blue,O'Hare,Not Specified,,,,
2/3/2024,Blue,Austin-Blue,Police Activity,,,,
2/3/2024,Green,Ashland/63rd,Available Staff,Yes,,,
2/3/2024,Green,Harlem-Green,Available Staff,Yes,,,
2/3/2024,Green,35th-Bronzeville-IIT,Police Activity,,,,
2/3/2024,Green,43rd,Sick Customer,,,,
2/3/2024,Purple,Howard,Not Specified,,,,
2/3/2024,Red,47th-Red,Sick Customer,,,,
2/3/2024,Yellow,Howard,Mechanical,,,,
2/4/2024,Blue,Cicero-Blue,Police Activity,,,,
2/4/2024,Green,Ashland/63rd,Available Staff,Yes,,,
2/4/2024,Green,Harlem-Green,Available Staff,Yes,,,
2/4/2024,Red,Bryn Mawr,Door Problem,,,,
2/4/2024,Red,Belmont-Red/Brown/Purple,Police Activity,,,,
2/4/2024,Red,Grand/State,Police Activity,,,,
2/5/2024,Blue,O'Hare,Not Specified,,,,
2/5/2024,Blue,O'Hare,Not Specified,,,,
2/5/2024,Blue,Clinton,Sick Customer,,,,
2/5/2024,Blue,Grand/Milwaulkee,Unauthorized Person,,,,
2/5/2024,Pink,18th,Police Activity,,,,
2/5/2024,Purple,Howard,Not Specified,,,,
2/5/2024,Red,69th,Police Activity,,,,
2/5/2024,Red,Fullerton,Police Activity,,,,
2/5/2024,Red,Fullerton,Sick Customer,,,,
2/6/2024,Blue,Belmont-Blue,Door Problem,,,,
2/6/2024,Blue,Chicago/Milkwaulkee,Mechanical,,,,
2/6/2024,Blue,Jackson-Blue,Police Activity,,,,
2/6/2024,Blue,Kedzie-Homan,Police Activity,,,,
2/6/2024,Blue,Kedzie-Homan,Sick Customer,,,,
2/6/2024,Brown,Paulina,Signal,,,,
2/6/2024,Green,Ridgeland,Sick Customer,,,,
2/6/2024,Yellow,Dempster-Skokie,Police Activity,,,,
2/7/2024,Blue,Belmont-Blue,Door Problem,,,,
2/7/2024,Blue,Harlem-FP,Mechanical,,,,
2/7/2024,Blue,Racine,Mechanical,,,,
2/7/2024,Brown,Clark/Lake,Mechanical,,,,
2/7/2024,Green,Clark/Lake,Mechanical,,,,
2/7/2024,Orange,Clark/Lake,Mechanical,,,,
2/7/2024,Orange,Western-Orange,Sick Customer,,,,
2/7/2024,Pink,Clark/Lake,Mechanical,,,,
2/7/2024,Purple,Clark/Lake,Mechanical,,,,
2/7/2024,Red,Wilson,Police Activity,,,,
2/7/2024,Yellow,Howard,Sick Customer,,,,
2/8/2024,Blue,O'Hare,Not Specified,,,,
2/8/2024,Blue,UIC/Halsted,Sick Customer,,,,
2/8/2024,Blue,Rosemont,Signal,,,,
2/8/2024,Green,Clark/Lake,Sick Customer,,,,
2/8/2024,Orange,Halsted,Door Problem,,,,
2/8/2024,Orange,Clark/Lake,Sick Customer,,,,
2/8/2024,Pink,Clark/Lake,Sick Customer,,,,
2/8/2024,Red,63rd,Police Activity,,,,
2/8/2024,Red,Fullerton,Sick Customer,,,,
2/9/2024,Green,Morgan,Sick Customer,,,,
2/9/2024,Red,79th,Door Problem,,,,
2/9/2024,Red,Fullerton,Mechanical,,,,
2/9/2024,Red,63rd,Police Activity,,,,
2/9/2024,Red,Fullerton,Police Activity,,,,
2/9/2024,Red,69th,Sick Customer,,,,
2/9/2024,Red,Wilson,Sick Customer,,,,
2/9/2024,Red,95th,Unauthorized Person,,,,
2/10/2024,Blue,Cumberland,Mechanical,,,,
2/10/2024,Blue,Forest Park,Police Activity,,,,
2/10/2024,Blue,Western-FP,Police Activity,,,,
2/10/2024,Green,Harlem-Green,Not Specified,,,,
2/10/2024,Red,Clark/Division,Sick Customer,,,,
2/11/2024,Blue,LaSalle,Police Activity,,,,
2/11/2024,Green,Ashland/63rd,Available Staff,Yes,,,
2/11/2024,Green,Harlem-Green,Available Staff,Yes,,,
2/11/2024,Red,Jarvis,Sick Customer,,,,
2/12/2024,Blue,Clinton,Door Problem,,,,
2/12/2024,Red,Monroe-Red,Not Specified,,,,
2/13/2024,Blue,Forest Park,Available Staff,Yes,,,
2/13/2024,Blue,Kedzie-Homan,Door Problem,,,,
2/13/2024,Blue,Rosemont,Door Problem,,,,
2/13/2024,Blue,Logan Square,Sick Customer,,,,
2/13/2024,Orange,Midway,Available Staff,Yes,,,
2/13/2024,Red,Garfield-Red,Sick Customer,,,,
2/14/2024,Blue,Clark/Lake,Unauthorized Person,,,,
2/14/2024,Pink,54th/Cermak,Available Staff,Yes,,,
2/14/2024,Red,Fullerton,Door Problem,,,,
2/14/2024,Red,Belmont-Red/Brown/Purple,Mechanical,,,,
2/14/2024,Red,Cermak/Chinatown,Police Activity,,,,
2/14/2024,Red,Chicago/State,Police Activity,,,,
2/15/2024,Blue,O'Hare,Not Specified,,,,
2/15/2024,Orange,Midway,Available Staff,Yes,,,
2/15/2024,Pink,Ashland/Lake,Mechanical,,,,
2/15/2024,Red,47th-Red,Door Problem,,,,
2/15/2024,Red,Chicago/State,Door Problem,,,,
2/15/2024,Red,63rd,Police Activity,,,,
2/15/2024,Red,79th,Police Activity,,,,
2/15/2024,Red,Argyle,Sick Customer,,,,
2/15/2024,Red,Loyola,Unauthorized Person,,,,
2/15/2024,Yellow,Dempster-Skokie,Police Activity,,,,
2/16/2024,Brown,Western-Brown,Mechanical,,Tower 17,,
2/16/2024,Brown,Kimball,Not Specified,,Tower 17,,
2/16/2024,Brown,Adams/Wabash,Police Activity,,Tower 17,,
2/16/2024,Green,Ashland/63rd,Available Staff,Yes,Tower 17,,
2/16/2024,Green,Harlem-Green,Available Staff,Yes,Tower 17,,
2/16/2024,Green,Adams/Wabash,Police Activity,,Tower 17,,
2/16/2024,Green,Indiana,Police Activity,,Tower 17,,
2/16/2024,Orange,Midway,Available Staff,Yes,Tower 17,,
2/16/2024,Orange,Adams/Wabash,Police Activity,,Tower 17,,
2/16/2024,Pink,Adams/Wabash,Police Activity,,Tower 17,,
2/16/2024,Purple,Adams/Wabash,Police Activity,,Tower 17,,
2/16/2024,Red,Grand/State,Door Problem,,Tower 17,,
2/16/2024,Blue,Montrose-Blue,Door Problem,,,,
2/16/2024,Blue,Damen-Blue,Mechanical,,,,
2/16/2024,Blue,LaSalle,Other,,,,
2/16/2024,Blue,Western-OH,Police Activity,,,,
2/16/2024,Brown,Kimball,Available Staff,Yes,,,
2/16/2024,Brown,Francisco,Mechanical,,,,
2/17/2024,Blue,Forest Park,Available Staff,Yes,,,
2/17/2024,Blue,Jefferson Park,Door Problem,,,,
2/17/2024,Blue,Jackson-Blue,Unauthorized Person,,,,
2/17/2024,Green,Pulaski-Green,Door Problem,,,,
2/17/2024,Green,Kezdie-Green,Police Activity,,,,
2/17/2024,Pink,Pulaski-Pink,Police Activity,,,,
2/17/2024,Red,Loyola,Sick Customer,,,,
2/18/2024,Blue,Forest Park,Available Staff,Yes,,,
2/18/2024,Blue,LaSalle,Police Activity,,,,
2/18/2024,Green,Ashland/Lake,Police Activity,,,,
2/18/2024,Orange,Pulaski-Orange,Door Problem,,,,
2/18/2024,Pink,Ashland/Lake,Police Activity,,,,
2/18/2024,Purple,Davis,Signal,,,,
2/18/2024,Red,95th,Available Staff,Yes,,,
2/18/2024,Red,Cermak/Chinatown,Track Fire,,,,
2/19/2024,Blue,Division,Police Activity,,,,
2/19/2024,Blue,UIC/Halsted,Police Activity,,,,
2/19/2024,Blue,Harlem-FP,Signal,,,,
2/19/2024,Green,Clark/Lake,Sick Customer,,,,
2/19/2024,Orange,Clark/Lake,Sick Customer,,,,
2/19/2024,Purple,Howard,Not Specified,,,,
2/19/2024,Red,Argyle,Door Problem,,,,
2/20/2024,Blue,California- Blue,Mechanical,,,,
2/20/2024,Blue,Harlem-OH,Mechanical,,,,
2/20/2024,Blue,Jefferson Park,Police Activity,,,,
2/20/2024,Brown,State/Lake,Police Activity,,,,
2/20/2024,Green,Kedzie-Green,Door Problem,,,,
2/20/2024,Green,Oak Park-Green,Door Problem,,,,
2/20/2024,Green,State/Lake,Police Activity,,,,
2/20/2024,Orange,State/Lake,Police Activity,,,,
2/20/2024,Orange,35th/Archer,Sick Customer,,,,
2/20/2024,Pink,State/Lake,Police Activity,,,,
2/20/2024,Purple,State/Lake,Police Activity,,,,
2/20/2024,Red,87th,Mechanical,,,,
2/20/2024,Red,Clark/Division,Mechanical,,,,
2/20/2024,Red,69th,Police Activity,,,,
2/20/2024,Red,North/Clyborn,Unauthorized Person,,,,
2/21/2024,Blue,Jefferson Park,Mechanical,,,,
2/21/2024,Blue,Illinois Medical District,Police Activity,,,,
2/21/2024,Blue,Kedzie-Homan,Police Activity,,,,
2/21/2024,Blue,Damen-Blue,Sick Customer,,,,
2/21/2024,Blue,Oak Park- Blue,Sick Customer,,,,
2/21/2024,Blue,Western-FP,Sick Customer,,,,
2/21/2024,Red,47th-Red,Police Activity,,,,
2/21/2024,Red,Garfield-Red,Police Activity,,,,
2/21/2024,Red,63rd,Signal,,,,
2/22/2024,Blue,Harlem-OH,Door Problem,,,,
2/22/2024,Blue,Western-FP,Unauthorized Person,,,,
2/22/2024,Green,Pulaski-Green,Sick Customer,,,,
2/23/2024,Blue,Forest Park,Available Staff,Yes,,,
2/23/2024,Blue,Illinois Medical District,Police Activity,,,,
2/23/2024,Green,Cicero-Green,Door Problem,,,,
2/23/2024,Purple,Howard,Unauthorized Person,,,,
2/23/2024,Red,Addison-Red,Track Switching,,,,
2/23/2024,Red,Howard,Unauthorized Person,,,,
2/23/2024,Yellow,Howard,Unauthorized Person,,,,
2/23/2024,Yellow,Howard,Unauthorized Person,,,,
2/24/2024,Blue,Chicago/Milkwaulkee,Mechanical,,,,
2/24/2024,Blue,Harlem-OH,Police Activity,,,,
2/24/2024,Brown,Kimball,Available Staff,Yes,,,
2/24/2024,Brown,Montrose-Brown,Sick Customer,,,,
2/24/2024,Green,Washington/Wabash,Sick Customer,,,,
2/24/2024,Red,Belmont-Red/Brown/Purple,Police Activity,,,,
2/25/2024,Brown,Kimball,Available Staff,Yes,,,
2/25/2024,Red,47th-Red,Police Activity,,,,
2/26/2024,Blue,Forest Park,Available Staff,Yes,,,
2/26/2024,Blue,Austin-Blue,Door Problem,,,,
2/26/2024,Blue,Logan Square,Door Problem,,,,
2/26/2024,Brown,Merchandise Mart,Signal,,,,
2/26/2024,Pink,Cicero-Pink,Unauthorized Person,,,,
2/26/2024,Red,Clark/Division,Police Activity,,,,
2/26/2024,Red,Roosevelt,Police Activity,,,,
2/26/2024,Red,Sox-35th,Police Activity,,,,
2/27/2024,Blue,Grand/Milwaulkee,Door Problem,,,,
2/27/2024,Blue,Harlem-FP,Mechanical,,,,
2/27/2024,Blue,Rosemont,Mechanical,,,,
2/27/2024,Brown,Wellington,Door Problem,,,,
2/27/2024,Green,Garfield-Green,Track Fire,,,,
2/27/2024,Orange,Halsted,Door Problem,,,,
2/27/2024,Orange,Western-Orange,Door Problem,,,,
2/27/2024,Purple,Howard,Unauthorized Person,,,,
2/27/2024,Red,Fullerton,Police Activity,,,,
2/27/2024,Yellow,Howard,Unauthorized Person,,,,
2/27/2024,Yellow,Oakton-Skokie,Unauthorized Person,,,,
2/28/2024,Blue,Forest Park,Not Specified,,,,
2/28/2024,Blue,O'Hare,Not Specified,,,,
2/28/2024,Blue,Monroe-Blue,Sick Customer,,,,
2/28/2024,Blue,Montrose-Blue,Sick Customer,,,,
2/28/2024,Blue,Jefferson Park,Signal,,,,
2/28/2024,Blue,Rosemont,Track Fire,,,,
2/28/2024,Brown,Southport,Door Problem,,,,
2/28/2024,Brown,Armitage,Other,Yes,,,
2/28/2024,Orange,35th/Archer,Sick Customer,,,,
2/28/2024,Red,95th,Available Staff,Yes,,,
2/28/2024,Red,Thorndale,Police Activity,,,,
2/28/2024,Red,Monroe-Red,Unauthorized Person,,,,
2/28/2024,Yellow,Dempster-Skokie,Police Activity,,,,
2/29/2024,Blue,Austin-Blue,Door Problem,,,,
2/29/2024,Blue,Illinois Medical District,Door Problem,,,,
2/29/2024,Blue,Oak Park- Blue,Door Problem,,,,
2/29/2024,Blue,UIC/Halsted,Police Activity,,,,
2/29/2024,Blue,Illinois Medical District,Sick Customer,,,,
2/29/2024,Brown,State/Lake,Police Activity,,,,
2/29/2024,Brown,Harold Washington Library-State/Van Buren,Track Fire,,,,
2/29/2024,Green,State/Lake,Police Activity,,,,
2/29/2024,Green,Garfield-Green,Track Fire,,,,
2/29/2024,Green,Harold Washington Library-State/Van Buren,Track Fire,,,,
2/29/2024,Orange,Harold Washington Library-State/Van Buren,Track Fire,,,,
2/29/2024,Pink,54th/Cermak,Available Staff,Yes,,,
2/29/2024,Pink,Harold Washington Library-State/Van Buren,Track Fire,,,,
2/29/2024,Purple,Howard,Unauthorized Person,,,,
2/29/2024,Red,Loyola,Door Problem,,,,
2/29/2024,Red,North/Clyborn,Police Activity,,,,
2/29/2024,Red,Howard,Unauthorized Person,,,,
2/29/2024,Yellow,Howard,Unauthorized Person,,,,
3/1/2024,Red,Cermak/Chinatown,Police Activity,,,,
3/1/2024,Blue,Addison-Blue,Police Activity,,,,
3/1/2024,Blue,Rosemont,Mechanical,,,,
3/1/2024,Blue,O'Hare,Mechanical,,,,
3/1/2024,Green,Harold Washington Library-State/Van Buren,Sick Customer,,,,
3/1/2024,Pink,Harold Washington Library-State/Van Buren,Sick Customer,,,,
3/1/2024,Orange,Harold Washington Library-State/Van Buren,Sick Customer,,,,
3/1/2024,Purple,Harold Washington Library-State/Van Buren,Sick Customer,,,,
3/1/2024,Green,Cottage Grove,Not Specified,,,,
3/1/2024,Green,Cermak-McCormick,Not Specified,,,,
3/1/2024,Pink,Cicero-Pink,Police Activity,,,,
3/1/2024,Pink,54th/Cermak,Police Activity,,,,
3/2/2024,Red,Howard,Available Staff,Yes,,,
3/2/2024,Yellow,Dempster-Skokie,Sick Customer,,,,
3/3/2024,Red,Fullerton,Unauthorized Person,,,,
3/3/2024,Green,Ashland/63rd,Available Staff,Yes,,,
3/3/2024,Brown,Sedgwick,Police Activity,,,,
3/3/2024,Brown,Kimball,Available Staff,Yes,,,
3/4/2024,Blue,Belmont-Blue,Mechanical,,,,
3/4/2024,Blue,Irving Park-Blue,Door Problem,,,,
3/4/2024,Blue,UIC/Halsted,Sick Customer,,,,
3/4/2024,Blue,Rosemont,Mechanical,,,,
3/5/2024,Orange,Western-Orange,Police Activity,,Debris,,
3/5/2024,Blue,UIC/Halsted,Mechanical,,,,
3/5/2024,Blue,Pulaski-Blue,Door Problem,,,,
3/5/2024,Blue,Cumberland,Mechanical,,,,
3/5/2024,Brown,Wellington,Police Activity,,,,
3/5/2024,Purple,Wellington,Police Activity,,,,
3/5/2024,Orange,Halsted,Police Activity,,,,
3/6/2024,Blue,Harlem-OH,Sick Customer,,,,
3/6/2024,Blue,Addison-Blue,Door Problem,,,,
3/6/2024,Blue,Jefferson Park,Door Problem,,,,
3/6/2024,Brown,Armitage,Police Activity,,,,
3/6/2024,Purple,Armitage,Police Activity,,,,
3/7/2024,Red,Chicago/State,Police Activity,,,,
3/7/2024,Red,Fullerton,Signal,,,,
3/7/2024,Red,Howard,Available Staff,Yes,,,
3/7/2024,Red,47th-Red,Police Activity,,,,
3/7/2024,Blue,Jackson-Blue,Door Problem,,,,
3/7/2024,Blue,Washington-Dearborn,Door Problem,,,,
3/7/2024,Blue,Forest Park,Available Staff,Yes,,,
3/7/2024,Brown,Armitage,Mechanical,,,,
3/7/2024,Purple,Armitage,Mechanical,,,,
3/7/2024,Purple,Dempster-Purple,Other,,,,
3/8/2024,Blue,Illinois Medical District,Door Problem,,,,
3/8/2024,Blue,Kedzie-Homan,Sick Customer,,,,
3/8/2024,Pink,Kostner,Unauthorized Person,,,,
3/8/2024,Orange,35th/Archer,Police Activity,,,,
3/9/2024,Red,79th,Sick Customer,,,,
3/9/2024,Red,Roosevelt,Police Activity,,,,
3/9/2024,Blue,California-Blue,Door Problem,,,,
3/9/2024,Blue,Division,Mechanical,,,,
3/9/2024,Blue,Pulaski-Blue,Sick Customer,,,,
3/9/2024,Blue,Forest Park,Available Staff,Yes,,,
3/9/2024,Green,Ashland/63rd,Available Staff,Yes,,,
3/9/2024,Green,Oak Park-Green,Mechanical,,,,
3/9/2024,Green,Garfield-Green,Signal,,,,
3/9/2024,Orange,Ashland-Orange,Door Problem,,,,
3/9/2024,Orange,Kedzie-Orange,Police Activity,,,,
3/9/2024,Purple,Linden,Not Specified,,,,
3/10/2024,Red,Cermak/Chinatown,Sick Customer,,,,
3/10/2024,Blue,Forest Park,Available Staff,Yes,,,
3/10/2024,Blue,Addison-Blue,Sick Customer,,,,
3/10/2024,Blue,Oak Park-Blue,Police Activity,,,,
3/10/2024,Green,Cermak-McCormick,Police Activity,,,,
3/10/2024,Purple,Linden,Available Staff,Yes,,,
3/11/2024,Red,Addison-Red,Track Conditions,,,,
3/11/2024,Red,Addison-Red,Track Fire,,,,
3/11/2024,Red,Lake,Police Activity,,,,
3/11/2024,Red,Howard,Available Staff,Yes,,,
3/11/2024,Blue,UIC/Halsted,Mechanical,,,,
3/11/2024,Blue,Pulaski-Blue,Sick Customer,,,,
3/11/2024,Blue,UIC/Halsted,Other,,,,
3/11/2024,Blue,O'Hare,Available Staff,Yes,,,
3/11/2024,Brown,Montrose-Blue,Sick Customer,,,,
3/11/2024,Pink,54th/Cermak,Unauthorized Person,,,,
3/11/2024,Pink,54th/Cermak,Available Staff,Yes,,,
3/11/2024,Purple,Linden,Track Conditions,Yes,,,
3/12/2024,Red,Jackson-Red,Unauthorized Person,,,,
3/12/2024,Red,Harrison,Sick Customer,,,,
3/12/2024,Red,Howard,Available Staff,Yes,,,
3/12/2024,Blue,Grand/Milwaulkee,Police Activity,,,,
3/12/2024,Blue,Forest Park,Available Staff,Yes,,,
3/12/2024,Blue,UIC/Halsted,Unauthorized Person,,,,
3/12/2024,Green,Ashland/63rd,Not Specified,,,,
3/12/2024,Pink,Ashland/63rd,Not Specified,,,,
3/12/2024,Brown,Kimball,Mechanical,,,,
3/12/2024,Pink,Kostner,Unauthorized Person,,,,
3/13/2024,Red,79th,Police Activity,,,,
3/13/2024,Red,Garfield-Red,Unauthorized Person,,,,
3/13/2024,Blue,Pulaski-Blue,Sick Customer,,,,
3/13/2024,Blue,UIC/Halsted,Sick Customer,,,,
3/13/2024,Blue,Cumberland,Mechanical,,,,
3/13/2024,Blue,Jackson-Blue,Not Specified,,,,
3/13/2024,Blue,Irving Park-Blue,Door Problem,,,,
3/13/2024,Green,Ashland/Lake,Police Activity,,,,
3/13/2024,Pink,Ashland/Lake,Police Activity,,,,
3/13/2024,Green,Laramie,Mechanical,,,,
3/13/2024,Brown,Merchandise Mart,Police Activity,,,,
3/13/2024,Brown,Irving Park-Brown,Door Problem,,,,
3/14/2024,Blue,LaSalle,Mechanical,,,,
3/14/2024,Green,Adams/Wabash,Sick Customer,,,,
3/14/2024,Pink,Adams/Wabash,Sick Customer,,,,
3/14/2024,Green,Garfield-Green,Sick Customer,,,,
3/14/2024,Yellow,Howard,Available Staff,Yes,,,
3/14/2024,Purple,Linden,Other,,,,
3/15/2024,Red,Sox-35th,Sick Customer,,,,
3/15/2024,Red,Wilson,Unauthorized Person,,,,
3/15/2024,Red,Lake,Sick Customer,,,,
3/15/2024,Blue,Western-OH,Sick Customer,,,,
3/15/2024,Blue,Jefferson Park,Mechanical,,,,
3/15/2024,Brown,Kimball,Available Staff,Yes,,,
3/15/2024,Pink,Polk,Police Activity,,,,
3/15/2024,Purple,Linden,Signal,,,,
3/16/2024,Red,Harrison,Door Problem,,Train Traffic,,
3/16/2024,Red,Jackson-Red,Sick Customer,,,,
3/16/2024,Red,Fullerton,Mechanical,,,,
3/16/2024,Red,Clark/Division,Unauthorized Person,,,,
3/16/2024,Red,Sox-35th,Police Activity,,,,
3/16/2024,Green,Ashland/63rd,Available Staff,Yes,,,
3/16/2024,Pink,Pulaski-Pink,Police Activity,,,,
3/16/2024,Pink,Morgan,Sick Customer,,,,
3/16/2024,Purple,Linden,Not Specified,,,,
3/17/2024,Red,Sox-35th,Police Activity,,,,
3/17/2024,Blue,Cicero-Blue,Mechanical,,,,
3/17/2024,Blue,Austin-Blue,Police Activity,,,,
3/17/2024,Green,Ashland/63rd,Available Staff,Yes,,,
3/17/2024,Green,35th-Bronzeville-IIT,Unauthorized Person,,,,
3/17/2024,Brown,Western-Brown,Track Conditions,Yes,,,
3/18/2024,Red,63rd,Unauthorized Person,,,,
3/18/2024,Blue,California- Blue,Door Problem,,,,
3/19/2024,Red,69th,Police Activity,,,,
3/19/2024,Red,Fullerton,Not Specified,,,,
3/19/2024,Blue,Cicero-Blue,Police Activity,,,,
3/19/2024,Blue,O'Hare,Unauthorized Person,,,,
3/19/2024,Pink,54th/Cermak,Available Staff,Yes,,,
3/20/2024,Red,Addison-Red,Police Activity,,,,
3/20/2024,Red,Cermak/Chinatown,Mechanical,,,,
3/20/2024,Red,Loyola,Mechanical,,,,
3/20/2024,Red,Roosevelt,Mechanical,,,,
3/20/2024,Red,Clark/Division,Sick Customer,,,,
3/20/2024,Red,95th,Not Specified,,,,
3/20/2024,Blue,California- Blue,Sick Customer,,,,
3/20/2024,Blue,UIC/Halsted,Mechanical,,,,
3/20/2024,Blue,Forest Park,Available Staff,Yes,,,
3/20/2024,Pink,54th/Cermak,Available Staff,Yes,,,
3/20/2024,Orange,Western-Orange,Door Problem,,,,
3/21/2024,Red,79th,Police Activity,Yes,,,
3/21/2024,Red,Fullerton,Unauthorized Person,,,,
3/21/2024,Brown,Fullerton,Unauthorized Person,,,,
3/21/2024,Blue,Forest Park,Not Specified,,,,
3/21/2024,Blue,Washington-Dearborn,Sick Customer,,,,
3/21/2024,Blue,Harlem-OH,Mechanical,,,,
3/21/2024,Blue,Damen-Blue,Door Problem,,,,
3/21/2024,Blue,Racine,Door Problem,,,,
3/21/2024,Blue,Oak Park-Blue,Police Activity,,,,
3/21/2024,Blue,Forest Park,Available Staff,Yes,,,
3/21/2024,Green,Washington/Wabash,Sick Customer,,,,
3/21/2024,Pink,Washington/Wabash,Sick Customer,,,,
3/21/2024,Orange,Washington/Wabash,Sick Customer,,,,
3/21/2024,Brown,Washington/Wabash,Sick Customer,,,,
3/21/2024,Brown,Wellington,Sick Customer,,,,
3/21/2024,Purple,Wellington,Sick Customer,,,,
3/21/2024,Brown,Sedgwick,Sick Customer,,,,
3/21/2024,Brown,Fullerton,Unauthorized Person,,,,
3/21/2024,Brown,Armitage,Police Activity,,,,
3/21/2024,Pink,54th/Cermak,Available Staff,Yes,,,
3/22/2024,Red,Howard,Mechanical,,,,
3/22/2024,Red,47th-Red,Sick Customer,,,,
3/22/2024,Red,Sheridan,Other,,,,
3/22/2024,Blue,California- Blue,Sick Customer,,,,
3/22/2024,Blue,Grand/Milwaulkee,Mechanical,,,,
3/22/2024,Blue,Forest Park,Sick Customer,,,,
3/22/2024,Green,Clark/Lake,Sick Customer,,,,
3/22/2024,Orange,Clark/Lake,Sick Customer,,,,
3/22/2024,Pink,Clark/Lake,Sick Customer,,,,
3/22/2024,Brown,Montrose-Brown,Police Activity,,,,
3/22/2024,Orange,Kedzie-Orange,Door Problem,,,,
3/22/2024,Yellow,Dempster-Skokie,Police Activity,,,,
3/22/2024,Purple,Main,Sick Customer,,,,
3/23/2024,Blue,Forest Park,Available Staff,Yes,Sick Employee,,
3/23/2024,Red,63rd,Police Activity,,,,
3/23/2024,Blue,Belmont-Blue,Sick Customer,,,,
3/23/2024,Blue,Addison-Blue,Sick Customer,,,,
3/23/2024,Blue,Forest Park,Sick Customer,,,,
3/23/2024,Blue,Jackson-Blue,Mechanical,,,,
3/23/2024,Orange,Halsted,Mechanical,,,,
3/23/2024,Yellow,Dempster-Skokie,Unauthorized Person,,,,
3/24/2024,Red,95th,Police Activity,,,,
3/24/2024,Red,87th,Police Activity,Yes,,,
3/24/2024,Red,Wilson,Sick Customer,,,,
3/24/2024,Blue,Forest Park,Available Staff,Yes,,,
3/24/2024,Green,Central,Not Specified,,,,
3/24/2024,Brown,Belmont-Red/Brown/Purple,Sick Customer,,,,
3/24/2024,Pink,Kostner,Track Fire,,,,
3/25/2024,Red,Garfield-Red,Police Activity,,,,
3/25/2024,Red,63rd,Police Activity,,,,
3/25/2024,Blue,Western-FP,Door Problem,,,,
3/25/2024,Green,35th-Bronzeville-IIT,Signal,,,,
3/25/2024,Orange,Halsted,Police Activity,,,,
3/26/2024,Blue,Kedzie-Homan,Door Problem,,,,
3/26/2024,Pink,54th/Cermak,Available Staff,Yes,,,
3/27/2024,Red,Belmont-Red/Brown/Purple,Sick Customer,,,,
3/27/2024,Red,Wilson,Not Specified,,,,
3/27/2024,Red,Loyola,Police Activity,,,,
3/27/2024,Red,North/Clyborn,Police Activity,,,,
3/27/2024,Red,Sheridan,Police Activity,,,,
3/27/2024,Purple,Sheridan,Police Activity,,,,
3/27/2024,Red,Addison-Red,Police Activity,,,,
3/27/2024,Purple,Addison-Red,Police Activity,,,,
3/27/2024,Blue,LaSalle,Mechanical,,,,
3/28/2024,Red,Garfield-Red,Door Problem,,,,
3/28/2024,Red,Fullerton,Police Activity,,,,
3/28/2024,Red,Lake,Police Activity,,,,
3/28/2024,Blue,Western-OH,Police Activity,,,,
3/28/2024,Blue,California- Blue,Mechanical,,,,
3/28/2024,Green,Ashland/Lake,Police Activity,,,,
3/28/2024,Pink,Ashland/Lake,Police Activity,,,,
3/28/2024,Brown,Diversey,Door Problem,,,,
3/28/2024,Orange,Midway,Other,,,,
3/28/2024,Yellow,Howard,Track Switching,,,,
3/28/2024,Purple,Howard,Track Switching,,,,
3/29/2024,Blue,Division,Unauthorized Person,,Debris,,
3/29/2024,Red,Fullerton,Police Activity,,,,
3/29/2024,Red,Monroe,Police Activity,,,,
3/29/2024,Red,Howard,Signal,,,,
3/29/2024,Red,87th,Door Problem,,,,
3/29/2024,Blue,Logan Square,Door Problem,,,,
3/29/2024,Blue,Harlem-FP,Mechanical,,,,
3/29/2024,Green,Clark/Lake,Sick Customer,,,,
3/29/2024,Pink,Clark/Lake,Sick Customer,,,,
3/29/2024,Purple,Clark/Lake,Sick Customer,,,,
3/29/2024,Green,Roosevelt,Unauthorized Person,,,,
3/29/2024,Orange,Roosevelt,Unauthorized Person,,,,
3/29/2024,Green,Harlem-Green,Not Specified,,,,
3/29/2024,Brown,Kimball,Available Staff,Yes,,,
3/29/2024,Purple,Linden,Sick Customer,,,,
3/30/2024,Red,Jackson-Red,Police Activity,,,,
3/30/2024,Blue,O'Hare,Not Specified,,,,
3/30/2024,Blue,Kedzie-Homan,Door Problem,,,,
3/30/2024,Blue,Belmont-Blue,Signal,,,,
3/30/2024,Blue,Forest Park,Available Staff,Yes,,,
3/30/2024,Green,Harlem-Green,Track Switching,,,,
3/30/2024,Brown,Kimball,Signal,,,,
3/30/2024,Pink,54th/Cermak,Available Staff,Yes,,,
3/31/2024,Pink,54th/Cermak,Not Specified,,Debris,,
3/31/2024,Red,79th,Unauthorized Person,,Equipment Shortage,,
3/31/2024,Red,Garfield,Police Activity,,,,
3/31/2024,Red,47th-Red,Unauthorized Person,,,,
3/31/2024,Blue,Logan Square,Police Activity,,,,
3/31/2024,Brown,Kimball,Other,,,,
4/1/2024,Red,Howard,Not Specified,,,,
4/1/2024,Green,Ashland/63rd,Available Staff,,,,
4/2/2024,Red,Thorndale,Signal,,,,
4/2/2024,Red,Grand/State,Sick Customer,,,,
4/2/2024,Blue,Division,Door Problem,,,,
4/2/2024,Green,Clark/Lake,Signal,,,,
4/2/2024,Brown,Clark/Lake,Signal,,,,
4/2/2024,Orange,Clark/Lake,Signal,,,,
4/2/2024,Purple,Clark/Lake,Signal,,,,
4/2/2024,Pink,Clark/Lake,Signal,,,,
4/2/2024,Green,Ashland/Lake,Track Switching,,,,
4/2/2024,Brown,Belmont-Red/Brown/Purple,Signal,,,,
4/3/2024,Red,Fullerton,Door Problem,,Track Emergency,,
4/3/2024,Red,95th,Not Specified,,Track Emergency,,
4/3/2024,Red,69th,Police Activity,,,,
4/3/2024,Red,Sox-35th,Unauthorized Person,,,,
4/3/2024,Red,Clark/Division,Mechanical,,,,
4/3/2024,Blue,Forest Park,Not Specified,,,,
4/3/2024,Green,Cermak-McCormick,Police Activity,,,,
4/3/2024,Green,Harlem-Green,Not Specified,,,,
4/4/2024,Red,Loyola,Sick Customer,,,,
4/4/2024,Red,Sheridan,Police Activity,,,,
4/4/2024,Red,Howard,Police Activity,,,,
4/4/2024,Red,Harrison,Sick Customer,,,,
4/4/2024,Red,47th-Red,Mechanical,,,,
4/4/2024,Blue,Jefferson Park,Unauthorized Person,,,,
4/4/2024,Green,Roosevelt,Mechanical,,,,
4/5/2024,Red,Roosevelt,Sick Customer,,,,
4/5/2024,Red,79th,Not Specified,,,,
4/5/2024,Blue,Oak Park-Blue,Unauthorized Person,,,,
4/5/2024,Blue,Harlem-OH,Door Problem,,,,
4/5/2024,Blue,Montrose-Blue,Door Problem,,,,
4/5/2024,Blue,California-Blue,Unauthorized Person,,,,
4/5/2024,Blue,Belmont-Blue,Unauthorized Person,,,,
4/5/2024,Green,Roosevelt,Signal,,,,
4/5/2024,Orange,Roosevelt,Signal,,,,
4/6/2024,Red,Wellington,Police Activity,,,,
4/6/2024,Brown,Wellington,Police Activity,,,,
4/6/2024,Red,Howard,Available Staff,,,,
4/6/2024,Red,Fullerton,Sick Customer,,,,
4/6/2024,Blue,Pulaski-Blue,Door Problem,,,,
4/6/2024,Blue,Clark/Lake,Not Specified,,,,
4/6/2024,Green,Cottage Grove,Sick Customer,,,,
4/6/2024,Green,Ashland/63rd,Available Staff,,,,
4/6/2024,Orange,Midway,Available Staff,,,,
4/6/2024,Brown,Kimball,Available Staff,,,,
4/7/2024,Red,Clark/Division,Door Problem,,,,
4/7/2024,Red,Fullerton,Sick Customer,,,,
4/7/2024,Red,Howard,Sick Customer,,,,
4/7/2024,Red,63rd,Police Activity,,,,
4/7/2024,Red,Howard,Other,,,,
4/7/2024,Blue,California-Blue,Sick Customer,,,,
4/7/2024,Blue,Forest Park,Available Staff,,,,
4/7/2024,Green,Cermak-McCormick,Police Activity,,,,
4/8/2024,Brown,Merchandise Mart,Signal,,Smoke!,,
4/8/2024,Red,Jackson-Red,Mechanical,,,,
4/8/2024,Blue,O'Hare,Mechanical,,,,
4/8/2024,Blue,Harlem-OH,Mechanical,,,,
4/8/2024,Green,Harlem-Green,Not Specified,,,,
4/8/2024,Pink,54th/Cermak,Not Specified,,,,
4/8/2024,Puple,Merchandise Mart,Signal,,,,
4/9/2024,Red,Jackson-Red,Other,,No station specified,,
4/9/2024,Blue,Western-OH,Mechanical,,No station specified,,
4/9/2024,Red,Addison-Red,Unauthorized Person,,,,
4/9/2024,Red,Fullerton,Mechanical,,,,
4/9/2024,Blue,Jefferson Park,Sick Customer,,,,
4/9/2024,Blue,Forest Park,Police Activity,,,,
4/9/2024,Pink,Pulaski,Not Specified,,,,
4/10/2024,Red,95th,Police Activity,,,,
4/10/2024,Red,Loyola,Not Specified,,,,
4/10/2024,Pink,Polk,Sick Customer,,,,
4/10/2024,Pink,54th/Cermak,Not Specified,,,,
4/11/2024,Red,Grand,Police Activity,,,,
4/11/2024,Red,Cermak-Chinatown,Police Activity,,,,
4/11/2024,Red,95th,Not Specified,,,,
4/11/2024,Blue,Austin-Blue,Police Activity,,,,
4/11/2024,Blue,Forest Park,Available Staff,,,,
4/11/2024,Blue,Kedzie-Homan,Unauthorized Person,,,,
4/11/2024,Green,Clark/Lake,Other,,,,
4/11/2024,Orange,Clark/Lake,Other,,,,
4/11/2024,Pink,Clark/Lake,Other,,,,
4/11/2024,Purple,Clark/Lake,Other,,,,
4/11/2024,Brown,Clark/Lake,Other,,,,
4/11/2024,Green,Harlem-Green,Not Specified,,,,
4/12/2024,Blue,Austin-Blue,Sick Customer,,,,
4/12/2024,Blue,O'Hare,Other,,,,
4/12/2024,Blue,Jackson-Blue,Sick Customer,,,,
4/12/2024,Blue,Western-FP,Mechanical,,,,
4/13/2024,Red,Howard,Not Specified,,,,
4/13/2024,Blue,Cicero-Blue,Track Fire,,,,
4/13/2024,Blue,Racine,Mechanical,,,,
4/13/2024,Blue,Clark/Lake,Mechanical,,,,
4/13/2024,Blue,O'Hare,Door Problem,,,,
4/13/2024,Blue,Jackson-Blue,Sick Customer,,,,
4/13/2024,Green,Clark/Lake,Sick Customer,,,,
4/13/2024,Green,Clinton,Sick Customer,,,,
4/13/2024,Brown,Kimball,Track Switching,,,,
4/14/2024,Red,Cermak-Chinatown,Door Problem,,,,
4/14/2024,Red,Roosevelt,Police Activity,,,,
4/14/2024,Red,Howard,Unauthorized Person,,,,
4/14/2024,Purple,Howard,Unauthorized Person,,,,
4/14/2024,Yellow,Howard,Unauthorized Person,,,,
4/14/2024,Red,Morse,Unauthorized Person,,,,
4/14/2024,Blue,O'Hare,Available Staff,,,,
4/14/2024,Pink,54th/Cermak,Available Staff,,,,
4/15/2024,Red,Garfield,Mechanical,,Derailement,,
4/15/2024,Red,Garfield-Red,Door Problem,,,,
4/15/2024,Red,87th,Door Problem,,,,
4/15/2024,Red,Belmont-Red/Brown/Purple,Sick Customer,,,,
4/15/2024,Red,Roosevelt,Mechanical,,,,
4/15/2024,Blue,O'Hare,Not Specified,,,,
4/15/2024,Blue,Forest Park,Not Specified,,,,
4/15/2024,Blue,O'Hare,Not Specified,,,,
4/15/2024,Pink,California-Pink,Unauthorized Person,,,,
4/15/2024,Green,Austin-Green,Unauthorized Person,,,,
4/15/2024,Purple,Belmont-Red/Brown/Purple,Door Problem,,,,
4/15/2024,Purple,Howard,Door Problem,,,,
4/16/2024,Red,63rd,Police Activity,,,,
4/16/2024,Red,Morse,Police Activity,,,,
4/16/2024,Red,47th-Red,Door Problem,,,,
4/16/2024,Red,47th-Red,Police Activity,,,,
4/16/2024,Green,Roosevelt,Mechanical,,,,
4/16/2024,Green,35th-Bronzeville-IIT,Sick Customer,,,,
4/16/2024,Orange,Midway,Signal,,,,
4/17/2024,Red,79th,Mechanical,,,,
4/17/2024,Red,North/Clyborn,Not Specified,,,,
4/17/2024,Blue,Cumberland,Door Problem,,,,
4/17/2024,Blue,Jefferson Park,Not Specified,,,,
4/17/2024,Blue,Austin-Blue,Unauthorized Person,,,,
4/17/2024,Green,Harlem-Green,Unauthorized Person,,,,
4/17/2024,Brown,Wellington,Police Activity,,,,
4/17/2024,Brown,Fullerton,Police Activity,,,,
4/18/2024,Blue,O'Hare,Mechanical,,Equipment Shortage,,
4/18/2024,Red,Garfield-Red,Sick Customer,,,,
4/18/2024,Blue,UIC/Halsted,Not Specified,,,,
4/18/2024,Blue,Forest Park,Door Problem,,,,
4/18/2024,Blue,UIC/Halsted,Sick Customer,,,,
4/18/2024,Pink,Cermak-McCormick,Door Problem,,,,
4/18/2024,Green,Clark/Lake,Sick Customer,,,,
4/18/2024,Pink,54th/Cermak,Not Specified,,,,
4/18/2024,Pink,Western-Pink,Police Activity,,,,
4/18/2024,Purple,Howard,Mechanical,,,,
4/19/2024,Red,Grand,Unauthorized Person,,Station not specified,,
4/19/2024,Red,North/Clyborn,Mechanical,,Which Harlem not specified,,
4/19/2024,Red,Thorndale,Mechanical,,,,
4/19/2024,Red,Cermak-Chinatown,Mechanical,,,,
4/19/2024,Red,Roosevelt,Mechanical,,,,
4/19/2024,Red,87th,Police Activity,,,,
4/19/2024,Blue,Harlem-OH,Door Problem,,,,
4/19/2024,Blue,Pulaski-Blue,Door Problem,,,,
4/19/2024,Blue,Racine,Sick Customer,,,,
4/20/2024,Brown,Clark/Lake,Signal,,Bridge lift,,
4/20/2024,Green,Roosevelt,Not specified,,Bridge lift,,
4/20/2024,Red,69th,Police Activity,,,,
4/20/2024,Red,Cermak-Chinatown,Signal,,,,
4/20/2024,Blue,O'Hare,Track Switching,,,,
4/20/2024,Blue,Jackson-Blue,Sick Customer,,,,
4/20/2024,Brown,Clark/Lake,Signal,,,,
4/20/2024,Green,Clark/Lake,Signal,,,,
4/20/2024,Orange,Clark/Lake,Signal,,,,
4/20/2024,Pink,Clark/Lake,Signal,,,,
4/20/2024,Green,Clark/Lake,Signal,,,,
4/20/2024,Orange,Clark/Lake,Signal,,,,
4/20/2024,Orange,Roosevelt,Not specified,,,,
4/20/2024,Green,Clinton,Other,,,,
4/20/2024,Pink,Clinton,Other,,,,
4/20/2024,Pink,Cicero-Pink,Unauthorized Person,,,,
4/20/2024,Brown,Merchandise Mart,Other,,,,
4/21/2024,Green,47th-Green,Door Problem,,Bridge Lift,,
4/21/2024,Pink,54th/Cermak,Not Specified,,Bridge Lift,,
4/21/2024,Red,Sox-35th,Police Activity,,,,
4/21/2024,Blue,Kedzie-Homan,Sick Customer,,,,
4/21/2024,Green,Laramie,Police Activity,,,,
4/21/2024,Orange,Midway,Available Staff,,,,
4/21/2024,Purple,Howard,Not Specified,,,,
4/22/2024,Red,Garfield-Red,Mechanical,,,,
4/22/2024,Red,63rd,Signal,,,,
4/22/2024,Blue,Irving Park-Blue,Sick Customer,,,,
4/22/2024,Blue,Jefferson Park,Police Activity,,,,
4/22/2024,Pink,Kedzie-Pink,Unauthorized Person,,,,
4/23/2024,Pink,Kostner,Signal,,Bridge Lift,,
4/23/2024,Red,47th-Red,Mechanical,,,,
4/23/2024,Red,Fullerton,Police Activity,,,,
4/23/2024,Red,Cermak-Chinatown,Signal,,,,
4/23/2024,Blue,UIC/Halsted,Police Activity,,,,
4/23/2024,Blue,Pulaski-Blue,Other,,,,
4/24/2024,Red,69th,Police Activity,,Bridge Lift,,
4/24/2024,Blue,Cicero-Blue,Signal,,,,
4/24/2024,Green,Clinton,Other,,,,
4/24/2024,Pink,Clinton,Other,,,,
4/24/2024,Green,Harlem-Green,Not Specified,,,,
4/24/2024,Brown,Merchandise Mart,Other,,,,
4/25/2024,Blue,Illinois Medical District,Track Conditions,,Sick Employee,,
4/25/2024,Blue,Kedzie-Homan,Not Specified,,Sick Employee,,
4/25/2024,Blue,Forest Park,Police Activity,,Sick Employee,,
4/25/2024,Blue,UIC/Halsted,Not Specified,,Sick Employee,,
4/25/2024,Green,Adams/Wabash,Signal,,Sick Employee,,
4/25/2024,Red,Diversey,Other,,,,
4/25/2024,Brown,Diversey,Other,,,,
4/25/2024,Red,Bryn Mawr,Door Problem,,,,
4/25/2024,Blue,Racine,Mechanical,,,,
4/25/2024,Orange,Adams/Wabash,Signal,,,,
4/25/2024,Pink,Adams/Wabash,Signal,,,,
4/25/2024,Brown,Adams/Wabash,Signal,,,,
4/26/2024,Red,63rd,Police Activity,,,,
4/26/2024,Red,Sheridan,Door Problem,,,,
4/26/2024,Red,Cermak-Chinatown,Signal,,,,
4/26/2024,Red,North/Clyborn,Mechanical,,,,
4/26/2024,Blue,Austin-Blue,Sick Customer,,,,
4/26/2024,Green,Laramie,Sick Customer,,,,
4/26/2024,Green,Harold Washington Library-State/Van Buren,Sick Customer,,,,
4/26/2024,Orange,Harold Washington Library-State/Van Buren,Sick Customer,,,,
4/26/2024,Pink,Harold Washington Library-State/Van Buren,Sick Customer,,,,
4/26/2024,Pink,Polk,Police Activity,,,,
4/26/2024,Orange,Harold Washington Library-State/Van Buren,Sick Customer,,,,
4/26/2024,Pink,Harold Washington Library-State/Van Buren,Sick Customer,,,,
4/26/2024,Brown,Kimball,Mechanical,,,,
4/26/2024,Purple,Foster,Sick Customer,,,,
4/27/2024,Red,Howard,Sick Customer,,,,
4/27/2024,Red,Sheridan,Sick Customer,,,,
4/27/2024,Blue,UIC/Halsted,Sick Customer,,,,
4/27/2024,Blue,Harlem-FP,Sick Customer,,,,
4/27/2024,Pink,Cermak-McCormick,Sick Customer,,,,
4/27/2024,Brown,Clark/Lake,Signal,,,,
4/27/2024,Green,Clark/Lake,Signal,,,,
4/27/2024,Pink,Clark/Lake,Signal,,,,
4/27/2024,Orange,Clark/Lake,Signal,,,,
4/27/2024,Green,Clinton,Other,,,,
4/27/2024,Pink,Clinton,Other,,,,
4/27/2024,Brown,Merchandise Mart,Other,,,,
4/28/2024,Purple,Linden,Door Problem,,Bridge Lift,,
4/28/2024,Blue,Jackson-Blue,Door Problem,,Stalled Train,,
4/28/2024,Red,Garfield-Red,Police Activity,,,,
4/28/2024,Red,Howard,Unauthorized Person,,,,
4/28/2024,Yellow,Howard,Unauthorized Person,,,,
4/28/2024,Purple,Howard,Unauthorized Person,,,,
4/28/2024,Blue,O'Hare,Police Activity,,,,
4/28/2024,Blue,Kedzie-Homan,Sick Customer,,,,
4/28/2024,Blue,Forest Park,Unauthorized Person,,,,
4/28/2024,Blue,Forest Park,Available Staff,,,,
4/28/2024,Pink,54th/Cermak,Mechanical,,,,
4/28/2024,Orange,Pulaski-Orange,Mechanical,,,,
4/29/2024,Red,Sox-35th,Mechanical,,Bridge Lift,,
4/29/2024,Blue,Pulaski-Blue,Unauthorized Person,,Bridge Lift,,
4/29/2024,Red,Cermak-Chinatown,Mechanical,,,,
4/29/2024,Blue,Western-FP,Unauthorized Person,,,,
4/29/2024,Blue,Logan Square,Police Activity,,,,
4/29/2024,Pink,54th/Cermak,Police Activity,,,,
4/30/2024,Red,Fullerton,Track Fire,,,,
4/30/2024,Red,Jarvis,Door Problem,,,,
4/30/2024,Red,Garfield-Red,Mechanical,,,,
4/30/2024,Blue,Pulaski-Blue,Door Problem,,,,
4/30/2024,Blue,UIC/Halsted,Not Specified,,,,
4/30/2024,Blue,Montrose-Blue,Door Problem,,,,
4/30/2024,Blue,Division,Sick Customer,,,,
4/30/2024,Brown,Fullerton,Track Fire,,,,
4/30/2024,Brown,Belmont-Red/Brown/Purple,Not Specified,,,,
4/30/2024,Brown,Southport,Door Problem,,,,
5/1/2024,Green,Clinton,Other,,Raised Bridge,,
5/1/2024,Pink,Clinton,Other,,Raised Bridge,,
5/1/2024,Brown,Merchandise Mart,Other,,Raised Bridge,,
5/1/2024,Red,Jackson-Red,Mechanical,,,,
5/1/2024,Red,Fullerton,Police Activity,,,,
5/1/2024,Blue,UIC/Halsted,Door Problem,,,,
5/1/2024,Blue,Grand/Milwaulkee,Police Activity,,,,
5/1/2024,Brown,Clark/Lake,Not Specified,,,,
5/1/2024,Green,Clark/Lake,Not Specified,,,,
5/1/2024,Orange,Clark/Lake,Not Specified,,,,
5/1/2024,Purple,Clark/Lake,Not Specified,,,,
5/1/2024,Pink,Clark/Lake,Not Specified,,,,
5/1/2024,Green,Roosevelt,Unauthorized Person,,,,
5/1/2024,Orange,Roosevelt,Unauthorized Person,,,,
5/2/2024,Blue,Racine,Track Conditions,,Debris,,
5/2/2024,Blue,O'Hare,Door Problem,,,,
5/2/2024,Blue,Forest Park,Mechanical,,,,
5/2/2024,Brown,Clark/Lake,Mechanical,,,,
5/2/2024,Green,Clark/Lake,Mechanical,,,,
5/2/2024,Orange,Clark/Lake,Mechanical,,,,
5/2/2024,Pink,Clark/Lake,Mechanical,,,,
5/2/2024,Purple,Clark/Lake,Mechanical,,,,
5/2/2024,Purple,Howard,Not Specified,,,,
5/3/2024,Blue,UIC/Halsted,Other,,Congestion,,
5/3/2024,Red,Roosevelt,Unauthorized Person,,,,
5/3/2024,Red,Wilson,Police Activity,,,,
5/3/2024,Purple,Wilson,Police Activity,,,,
5/3/2024,Red,Wilson,Police Activity,,,,
5/3/2024,Red,Cermak-Chinatown,Mechanical,,,,
5/3/2024,Blue,Forest Park,Police Activity,,,,
5/3/2024,Green,Cicero-Green,Police Activity,,,,
5/3/2024,Green,Roosevelt,Signal,,,,
5/3/2024,Orange,Roosevelt,Signal,,,,
5/3/2024,Green,Adams/Wabash,Signal,,,,
5/3/2024,Orange,Adams/Wabash,Signal,,,,
5/4/2024,Green,Clinton,Other,,Raised Bridge,,
5/4/2024,Pink,Clinton,Other,,Raised Bridge,,
5/4/2024,Brown,Merchandise Mart,Other,,Raised Bridge,,
5/4/2024,Green,Roosevelt,Signal,,,,
5/4/2024,Orange,Roosevelt,Signal,,,,
5/4/2024,Pink,Cicero-Pink,Door Problem,,,,
5/4/2024,Pink,54th/Cermak,Available Staff,,,,
5/4/2024,Brown,Fullerton,Mechanical,,,,
5/5/2024,Blue,Pulaski-Blue,Police Activity,,,,
5/5/2024,Green,Cermak-McCormick,Sick Customer,,,,
5/5/2024,Orange,Midway,Available Staff,,,,
5/5/2024,Orange,Pulaski-Orange,Door Problem,,,,
5/5/2024,Orange,Midway,Door Problem,,,,
5/5/2024,Pink,54th/Cermak,Available Staff,,,,
5/5/2024,Pink,Morgan,Mechanical,,,,
5/6/2024,Red,Harrison,Police Activity,,,,
5/6/2024,Red,North/Clyborn,Mechanical,,,,
5/6/2024,Red,Lake,Mechanical,,,,
5/6/2024,Red,Cermak-Chinatown,Sick Customer,,,,
5/6/2024,Blue,Jefferson Park,Police Activity,,,,
5/6/2024,Green,Roosevelt,Door Problem,,,,
5/6/2024,Orange,Roosevelt,Door Problem,,,,
5/6/2024,Brown,Francisco,Mechanical,,,,
5/7/2024,Pink,54th/Cermak,Other,,Station not specified,,
5/7/2024,Blue,Pulaski-Blue,Door Problem,,,,
5/8/2024,Green,Clinton,Other,,Raised Bridge,,
5/8/2024,Pink,Clinton,Other,,Raised Bridge,,
5/8/2024,Red,Monroe,Not Specified,,Red and Blue stations closed,,
5/8/2024,Red,Chicago/State,Door Problem,,,,
5/8/2024,Brown,Adams/Wabash,Unauthorized Person,,,,
5/8/2024,Green,Adams/Wabash,Unauthorized Person,,,,
5/8/2024,Orange,Adams/Wabash,Unauthorized Person,,,,
5/8/2024,Pink,Adams/Wabash,Unauthorized Person,,,,
5/8/2024,Purple,Adams/Wabash,Unauthorized Person,,,,
5/8/2024,Green,California-Green,Not Specified,,,,
5/9/2024,Pink,Polk,Other,,Congestion,,
5/9/2024,Blue,Polk,Other,,Train Traffic,,
5/9/2024,Blue,Rosemont,Door Problem,,,,
5/9/2024,Green,Adams/Wabash,Sick Customer,,,,
5/9/2024,Orange,Adams/Wabash,Sick Customer,,,,
5/10/2024,Pink,Polk,Other,,Congestion,,
5/10/2024,Red,Cermak-Chinatown,Sick Customer,,,,
5/10/2024,Red,Monroe,Police Activity,,,,
5/10/2024,Blue,Western-OH,Police Activity,,,,
5/10/2024,Brown,Harold Washington Library-State/Van Buren,Unauthorized Person,,,,
5/10/2024,Green,Harold Washington Library-State/Van Buren,Unauthorized Person,,,,
5/10/2024,Orange,Harold Washington Library-State/Van Buren,Unauthorized Person,,,,
5/10/2024,Pink,Harold Washington Library-State/Van Buren,Unauthorized Person,,,,
5/10/2024,Purple,Harold Washington Library-State/Van Buren,Unauthorized Person,,,,
5/10/2024,Orange,Midway,Available Staff,,,,
5/10/2024,Pink,54th/Cermak,Available Staff,,,,
5/11/2024,Blue,California-Blue,Track Conditions,,Debris,,
5/11/2024,Red,47th,Police Activity,,,,
5/11/2024,Blue,Clark/Lake,Police Activity,,,,
5/12/2024,Brown,Merchandise Mart,Other,,Raised Bridge,,
5/12/2024,Red,Monroe,Police Activity,,,,
5/12/2024,Blue,O'Hare,Available Staff,,,,
5/12/2024,Blue,Kedzie-Homan,Police Activity,,,,
5/12/2024,Blue,Pulaski-Blue,Sick Customer,,,,
5/12/2024,Blue,O'Hare,Available Staff,,,,
5/12/2024,Orange,Midway,Available Staff,,,,
5/12/2024,Pink,54th/Cermak,Available Staff,,,,
5/12/2024,Pink,Cicero-Pink,Police Activity,,,,
5/12/2024,Pink,54th/Cermak,Not Specified,,,,
5/13/2024,Orange,Western-Orange,Other,,Animal,,
5/13/2024,Red,Monroe,Sick Customer,,,,
5/13/2024,Red,Cermak-Chinatown,Police Activity,,,,
5/13/2024,Blue,Forest Park,Door Problem,,,,
5/13/2024,Pink,54th/Cermak,Available Staff,,,,
5/13/2024,Brown,Sedgwick,Mechanical,,,,
5/14/2024,Brown,Clark/Lake,Unauthorized Person,,Assigned to Halsted?,,
5/14/2024,Red,Clark/Division,Police Activity,,,,
5/14/2024,Green,Clark/Lake,Unauthorized Person,,,,
5/14/2024,Orange,Clark/Lake,Unauthorized Person,,,,
5/14/2024,Pink,Clark/Lake,Unauthorized Person,,,,
5/14/2024,Purple,Clark/Lake,Unauthorized Person,,,,
5/15/2024,Green,Clinton,Other,,Raised Bridge,,
5/15/2024,Pink,Clinton,Other,,Raised Bridge,,
5/15/2024,Brown,Merchandise Mart,Other,,Raised Bridge,,
5/15/2024,Red,79th,Police Activity,,,,
5/15/2024,Red,Belmont-Red/Brown/Purple,Sick Customer,,,,
5/15/2024,Purple,Belmont-Red/Brown/Purple,Sick Customer,,,,
5/15/2024,Brown,Belmont-Red/Brown/Purple,Sick Customer,,,,
5/15/2024,Orange,Adams/Wabash,Signal,,,,
5/15/2024,Green,Adams/Wabash,Signal,,,,
5/16/2024,Red,Clark/Division,Unauthorized Person,,Person Struck,,
5/16/2024,Red,Fullerton,Mechanical,,,,
5/16/2024,Blue,O'Hare,Available Staff,,,,
5/16/2024,Blue,Montrose-Blue,Sick Customer,,,,
5/16/2024,Brown,Francisco,Mechanical,,,,
5/17/2024,Red,87th,Police Activity,,,,
5/17/2024,Blue,Kedzie-Homan,Mechanical,,,,
5/17/2024,Orange,Kedzie-Orange,Police Activity,,,,
5/17/2024,Orange,Ashland-Orange,Police Activity,,,,
5/18/2024,Green,35th-Bronzeville-IIT,Unauthorized Person,,,,
5/18/2024,Orange,Midway,Available Staff,,,,
5/18/2024,Brown,Sedgwick,Police Activity,,,,
5/18/2024,Yellow,Howard,Signal,Yes,,,
5/19/2024,Red,Cermak-Chinatown,Mechanical,,,,
5/19/2024,Red,Roosevelt,Mechanical,,,,
5/19/2024,Red,Garfield-Red,Police Activity,,,,
5/20/2024,Blue,Oak Park-Blue,Mechanical,,,,
5/20/2024,Blue,Harlem-FP,Signal,,,,
5/20/2024,Brown,Clark/Lake,Signal,,,,
5/20/2024,Green,Clark/Lake,Signal,,,,
5/20/2024,Orange,Clark/Lake,Signal,,,,
5/20/2024,Pink,Clark/Lake,Signal,,,,
5/20/2024,Purple,Clark/Lake,Signal,,,,
5/20/2024,Pink,54th/Cermak,Available Staff,,,,
5/21/2024,Red,Cermak-Chinatown,Police Activity,,Station Unclear,,
5/21/2024,Red,47th,Police Activity,,,,
5/21/2024,Green,Cermak-McCormick,Sick Customer,,,,
5/22/2024,Yellow,Howard,Other,Yes,Debris,,
5/22/2024,Green,Clinton,Other,,Raised Bridge,,
5/22/2024,Pink,Clinton,Other,,Raised Bridge,,
5/22/2024,Brown,Merchandise Mart,Other,,Raised Bridge,,
5/22/2024,Red,Roosevelt,Police Activity,,,,
5/22/2024,Red,Wilson,Signal,,,,
5/22/2024,Purple,Wilson,Signal,,,,
5/22/2024,Green,Harlem-Green,Signal,,,,
5/22/2024,Pink,Cicero-Pink,Unauthorized Person,Yes,,,
5/23/2024,Blue,Western-OH,Not Specified,,,,
5/23/2024,Blue,Forest Park,Mechanical,,,,
5/23/2024,Green,Roosevelt,Unauthorized Person,,,,
5/23/2024,Green,Ashland/Lake,Police Activity,,,,
5/23/2024,Pink,Ashland/Lake,Police Activity,,,,
5/24/2024,Blue,Chicago/Milkwaulkee,Door Problem,,,,
5/24/2024,Brown,Kimball,Police Activity,,,,
5/25/2024,Red,Cermak-Chinatown,Police Activity,,,,
5/25/2024,Red,Clark/Division,Sick Customer,,,,
5/25/2024,Red,63rd,Police Activity,,,,
5/25/2024,Blue,Jackson-Blue,Unauthorized Person,,,,
5/25/2024,Blue,Oak Park-Blue,Sick Customer,,,,
5/26/2024,Red,Bryn Mawr,Police Activity,,,,
5/26/2024,Green,Ashland/Lake,Signal,,,,
5/26/2024,Pink,Ashland/Lake,Signal,,,,
5/26/2024,Green,Roosevelt,Door Problem,,,,
5/26/2024,Orange,Roosevelt,Door Problem,,,,
5/26/2024,Pink,Cicero-Pink,Unauthorized Person,,,,
5/27/2024,Red,Wilson,Police Activity,,,,
5/27/2024,Blue,O'Hare,Available Staff,,,,
5/27/2024,Blue,Jefferson Park,Sick Customer,,,,
5/27/2024,Purple,Linden,Signal,Yes,,,
5/29/2024,Green,Clinton,Other,,Raised Bridge,,
5/29/2024,Pink,Clinton,Other,,Raised Bridge,,
5/29/2024,Brown,Merchandise Mart,Other,,Raised Bridge,,
5/29/2024,Red,79th,Police Activity,,,,
5/29/2024,Red,69th,Police Activity,,,,
5/29/2024,Blue,Cicero-Blue,Track Fire,,,,
5/29/2024,Green,Ashland/Lake,Police Activity,,,,
5/29/2024,Pink,Ashland/Lake,Police Activity,,,,
5/29/2024,Orange,35th/Archer,Unauthorized Person,,,,
5/29/2024,Pink,54th/Cermak,Signal,,,,
5/29/2024,Purple,Linden,Mechanical,,,,
5/30/2024,Blue,Logan Square,Mechanical,,,,
5/30/2024,Green,Clinton,Sick Customer,,,,
5/30/2024,Pink,Clinton,Sick Customer,,,,
5/31/2024,Red,Belmont,Track Fire,,,,
5/31/2024,Red,Addison-Red,Unauthorized Person,,,,
5/31/2024,Red,Sheridan,Police Activity,,,,
5/31/2024,Red,Wilson,Police Activity,,,,
5/31/2024,Purple,Wilson,Police Activity,,,,
5/31/2024,Red,79th,Police Activity,,,,
5/31/2024,Red,Cermak-Chinatown,Police Activity,,,,
5/31/2024,Green,47th-Green,Police Activity,,,,
5/31/2024,Green,Garfield-Green,Police Activity,,,,
5/31/2024,Brown,State/Lake,Police Activity,,,,
5/31/2024,Green,State/Lake,Police Activity,,,,
6/1/2024,Blue,O'Hare,Available Staff,,Default value assigned,30,
6/1/2024,Blue,Cicero-Blue,Mechanical,,,10,
6/1/2024,Pink,Adams/Wabash,Track Conditions,,Default Value Assgined,10,
6/1/2024,Blue,Kedzie-Homan,Door Problem,,,8,
6/1/2024,Pink,Adams/Wabash,Other,Not Specified,Default Value Assgined,5,
6/2/2024,Brown,Irving Park-Brown,Unauthorized Person,,,178,
6/2/2024,Blue,Harlem,Police Activity,,Default value assigned,10,
6/2/2024,Blue,Irving Park-Blue,Police Activity,,Default value assigned,10,
6/2/2024,Green,Clark/Lake,Signal,,Default value assigned,10,
6/2/2024,Brown,Clark/Lake,Signal,,Default value assigned,10,
6/2/2024,Purple,Linden,Mechanical,,Default Value Assigned,10,
6/2/2024,Pink,54th/Cermak,Mechanical,,,8,
6/2/2024,Red,North/Clyborn,Sick Customer,,,6,
6/2/2024,Brown,Irving Park-Brown,Unauthorized Person,,,2,
6/3/2024,Brown,Rockwell,Police Activity,,,16,
6/3/2024,Red,63rd,Police Activity,,,12,
6/3/2024,Blue,Rosemont,Mechanical,,Default value assigned,10,
6/3/2024,Brown,Southport,Not Specified,,Default Value Assgined,10,
6/3/2024,Blue,O'Hare,Police Activity,,,7,
6/3/2024,Red,Roosevelt,Sick Customer,,,6,
6/4/2024,Orange,Midway,Door Problem,,,26,
6/4/2024,Red,Sox-35th,Police Activity,,,7,
6/4/2024,Red,Chicago/State,Door Problem,,,6,
6/4/2024,Green,California-Green,Police Activity,,,6,
6/4/2024,Red,Roosevelt,Signal,,,5,
6/4/2024,Blue,O'Hare,Mechanical,,,4,
6/5/2024,Brown,Sedgwick,Unauthorized Person,Yes,Medical Emergency,197,
6/5/2024,Purple,Sedgwick,Unauthorized Person,Yes,Medical Emergency,197,
6/5/2024,Red,Sox-35th,Unauthorized Person,,Medical Emergency,106,
6/5/2024,Red,79th,Police Activity,,Default value assigned,10,
6/5/2024,Blue,Addison-Blue,Mechanical,,Default value assigned,10,
6/5/2024,Pink,Western,Track Conditions,,Default Value Assgined,10,
6/6/2024,Red,95th,Mechanical,,,22,
6/6/2024,Pink,Polk,Track Conditions,,Default value assigned; service cut from polk to loop,20,
6/6/2024,Green,Cicero-Green,Police Activity,,,16,
6/6/2024,Brown,Western-Brown,Police Activity,Yes,,14,
6/6/2024,Pink,Adams/Wabash,Sick Customer,,,6,
6/6/2024,Green,Adams/Wabash,Sick Customer,,,6,
6/6/2024,Blue,UIC-Halsted,Door Problem,,,4,
6/8/2024,Pink,Clinton,Other,,Raised Bridge,49,
6/8/2024,Green,Clinton,Other,,Raised Bridge,49,
6/8/2024,Red,Roosevelt,Signal,,Default value assigned,10,
6/8/2024,Orange,Midway,Mechanical,,,5,
6/8/2024,Red,Harrison,Sick Customer,,,3,
6/9/2024,Red,87th,Police Activity,,,100,
6/9/2024,Blue,O'Hare,Available Staff,,Default value assigned; service cut from polk to loop,30,
6/9/2024,Blue,O'Hare,Available Staff,,Default value assigned; service cut from polk to loop,30,
6/9/2024,Red,Jackson,Police Activity,,,10,
6/9/2024,Red,Jackson,Police Activity,,,8,
6/9/2024,Blue,Pulaski-Blue,Mechanical,,,8,
6/9/2024,Blue,Rosemont,Mechanical,,,2,
6/10/2024,Green,Morgan,Track Conditions,Yes,,25,
6/10/2024,Blue,UIC-Halsted,Sick Customer,,,6,
6/10/2024,Red,Addison-Red,Sick Customer,,,2,
6/11/2024,Blue,Harlem-FP,Door Problem,,,13,
6/11/2024,Red,47th-Red,Sick Customer,,,5,
6/11/2024,Orange,Midway,Track Switching,,,5,
6/12/2024,Orange,Ashland-Orange,Track Conditions,,Default Value Assgined,30,
6/12/2024,Blue,Oak Park-Blue,Police Activity,,,3,
6/13/2024,Brown,Chicago/Franklin,Track Conditions,,,37,
6/13/2024,Purple,Chicago/Franklin,Track Conditions,,,37,
6/13/2024,Brown,Southport,Signal,,,33,
6/13/2024,Brown,Francisco,Track Conditions,,,18,
6/13/2024,Red,47th-Red,Mechanical,,,13,
6/13/2024,Red,Loyola,Unauthorized Person,,Default value assigned,10,
6/13/2024,Red,Roosevelt,Police Activity,,Default value assigned,10,
6/13/2024,Red,Clark/Division,Police Activity,,Default value assigned,10,
6/14/2024,Blue,Logan Square,Door Problem,,Default value assigned; service cut from polk to loop,10,
6/14/2024,Green,Ashland/Lake,Police Activity,,,10,
6/14/2024,Orange,Midway,Mechanical,,Default Value Assgined,10,
6/14/2024,Orange,Pulaski-Orange,Mechanical,,Default Value Assgined,10,
6/14/2024,Blue,Racine,Police Activity,,,7,
6/15/2024,Blue,O'Hare,Available Staff,,Default value assigned; service cut from polk to loop,30,
6/15/2024,Pink,54th/Cermak,Track Conditions,,Default Value Assgined,30,
6/15/2024,Red,Cermak-Chinatown,Police Activity,,,23,
6/15/2024,Blue,Racine,Mechanical,,Default value assigned; service cut from polk to loop,10,
6/15/2024,Brown,Kimball,Not Specified,,Default Value Assgined,10,
6/15/2024,Red,Addison-Red,Unauthorized Person,,,9,
6/15/2024,Green,Cottage Grove,Police Activity,,,7,
6/16/2024,Blue,O'Hare,Available Staff,,Default value assigned; service cut from polk to loop,30,
6/16/2024,Blue,O'Hare,Available Staff,,Default value assigned; service cut from polk to loop,30,
6/16/2024,Blue,O'Hare,Available Staff,,Default value assigned; service cut from polk to loop,30,
6/16/2024,Pink,54th/Cermak,Track Conditions,,Default Value Assgined,30,
6/16/2024,Red,79th,Police Activity,,,11,
6/17/2024,Orange,Roosevelt,Track Conditions,,Tower 17,259,
6/17/2024,Green,Roosevelt,Track Conditions,,Tower 17,259,
6/17/2024,Red,47th-Red,Police Activity,,,17,
6/17/2024,Red,Garfield-Red,Police Activity,,,13,
6/17/2024,Pink,Morgan,Police Activity,,,9,
6/17/2024,Green,Morgan,Police Activity,,,9,
6/17/2024,Red,Roosevelt,Unauthorized Person,,,6,
6/18/2024,Blue,Rosemont,Track Conditions,,,40,
6/18/2024,Purple,Linden,Available Staff,,Default Value Assigned,30,
6/18/2024,Green,Ashland/63rd,Available Staff,,,25,
6/18/2024,Pink,54th/Cermak,Sick Customer,,Default Value Assgined,10,
6/18/2024,Red,Addison-Red,Sick Customer,,,9,
6/19/2024,Blue,Illinois Medical District,Signal,,,16,
6/19/2024,Red,Howard,Signal,,Default value assigned,10,
6/19/2024,Blue,Montrose-Blue,Door Problem,,,8,
6/19/2024,Red,North/Clyborn,Track Conditions,,Track Fire,7,
6/20/2024,Green,Cottage Grove,Track Conditions,,,112,
6/20/2024,Blue,Jefferson Park,Unauthorized Person,,,30,
6/20/2024,Green,Cottage Grove,Signal,,,15,
6/20/2024,Blue,Harlem-OH,Mechanical,,,14,
6/20/2024,Red,95th,Not Specified,,Default value assigned,10,
6/20/2024,Red,Roosevelt,Police Activity,,,8,
6/21/2024,Brown,Adams/Wabash,Track Conditions,,,105,
6/21/2024,Green,Adams/Wabash,Track Conditions,,,105,
6/21/2024,Pink,Adams/Wabash,Track Conditions,,,105,
6/21/2024,Purple,Adams/Wabash,Track Conditions,,,105,
6/21/2024,Orange,Adams/Wabash,Track Conditions,,,105,
6/21/2024,Brown,Kimball,Available Staff,,Default Value Assgined,30,
6/21/2024,Blue,Rosemont,Unauthorized Person,,,12,
6/21/2024,Red,Loyola,Unauthorized Person,,Default value assigned,10,
6/21/2024,Purple,Loyola,Unauthorized Person,,Default value assigned,10,
6/21/2024,Green,Central,Unauthorized Person,,Default value assigned,10,
6/21/2024,Orange,35th/Archer,Unauthorized Person,,,5,
6/22/2024,Green,Harlem/Lake,Unauthorized Person,,,22,
6/22/2024,Pink,Damen,Police Activity,,,13,
6/22/2024,Blue,Austin-Blue,Unauthorized Person,,,8,
6/23/2024,Blue,California-Blue,Door Problem,,,82,
6/23/2024,Green,Cottage Grove,Police Activity,,,40,
6/24/2024,Pink,54th/Cermak,Available Staff,,Default Value Assgined,30,
6/24/2024,Red,Grand/State,Unauthorized Person,,Default value assigned,10,
6/24/2024,Green,Clark/Lake,Other,,Signal; default value assigned,10,
6/24/2024,Brown,Clark/Lake,Other,,Signal; default value assigned,10,
6/24/2024,Pink,Clark/Lake,Other,,Signal; default value assigned,10,
6/24/2024,Orange,Clark/Lake,Other,,Signal; default value assigned,10,
6/24/2024,Purple,Clark/Lake,Other,,Signal; default value assigned,10,
6/24/2024,Purple,Washington/Wells,Signal,,Default Value Assigned,10,
6/24/2024,Red,Wilson,Sick Customer,,,9,
6/24/2024,Red,Loyola,Sick Customer,,,7,
6/25/2024,Blue,Pulaski,Mechanical,,,77,
6/25/2024,Red,Addison-Red,Track Conditions,,,42,
6/25/2024,Purple,Addison-Red,Track Conditions,,,42,
6/25/2024,Brown,Western-Brown,Mechanical,,,23,
6/25/2024,Blue,Clark/Lake,Unauthorized Person,,,20,
6/25/2024,Red,63rd,Police Activity,,,15,
6/25/2024,Blue,Chicago/Milkwaulkee,Mechanical,,,8,
6/25/2024,Blue,Division/Milwaulkee,Mechanical,,,8,
6/25/2024,Red,Jackson,Mechanical,,,6,
6/25/2024,Red,63rd,Police Activity,,,4,
6/26/2024,Brown,Clark/Lake,Signal,,,11,
6/26/2024,Green,Clark/Lake,Signal,,,11,
6/26/2024,Orange,Clark/Lake,Signal,,,11,
6/26/2024,Pink,Clark/Lake,Signal,,,11,
6/26/2024,Brown,Wellington,Door Problem,,Default Value Assgined,10,
6/27/2024,Blue,Washington,Police Activity,,,10,
6/27/2024,Red,Fullerton,Police Activity,,,9,
6/27/2024,Brown,Belmont,Mechanical,,,6,
6/27/2024,Blue,Division,Sick Customer,,,5,
6/28/2024,Orange,Halsted,Police Activity,,,19,
6/28/2024,Blue,Racine,Other,,Heavy Congestion; Default value assigned,10,
6/28/2024,Green,California-Green,Sick Customer,,Defaul value assigned,10,
6/28/2024,Blue,Irving Park-Blue,Police Activity,,,9,
6/28/2024,Red,63rd,Police Activity,,,6,
6/29/2024,Red,Fullerton,Not Specified,,Default value assigned,10,
6/29/2024,Brown,Fullerton,Not Specified,,Default value assigned,10,
6/29/2024,Red,95th,Unauthorized Person,,Default value assigned,10,
6/29/2024,Brown,Mechandise Mart,Other,,Raised Bridge; Default Value Assigned,10,
6/29/2024,Pink,Clinton,Other,,Raised Bridge,7,
6/29/2024,Green,Clinton,Other,,Raised Bridge,7,
6/29/2024,Blue,Clinton,Mechanical,,,5,
6/30/2024,Red,Grand/State,Unauthorized Person,,,15,
6/30/2024,Red,Sox-35th,Not Specified,,Default value assigned,10,
6/30/2024,Red,47th,Police Activity,,,4,
